Reporting entity,Facility name,Type,State,Electricity production GJ,Electricity production MWh,Total scope 1 emissions t CO2 e,Total scope 2 emissions t CO2 e,Total emissions t CO2 e,Emission intensity t CO2 e MWh,Grid connected,Grid,Primary fuel,Important notes
ACCIONA ENERGY OCEANIA PTY LTD,Cathedral Rocks Wind Farm,F,SA,481948,133874,57,127,184,0,On,NEM,Wind,-
ACCIONA ENERGY OCEANIA PTY LTD,Gunning Wind Farm,F,NSW,491409,136502,50,218,268,0,On,NEM,Wind,-
ACCIONA ENERGY OCEANIA PTY LTD,Mortlake South Wind Farm,F,VIC,1019352,283153,202,1128,1330,0,On,NEM,Wind,-
ACCIONA ENERGY OCEANIA PTY LTD,Mt Gellibrand Wind Farm,F,VIC,1025451,284847,99,1273,1372,0,On,NEM,Wind,-
ACCIONA ENERGY OCEANIA PTY LTD,Waubra Wind Farm,F,VIC,1954964,543046,186,1114,1300,0,On,NEM,Wind,-
ACCIONA ENERGY OCEANIA PTY LTD,Corporate Total,C,-,4973124,1381423,594,3860,4454,,-,-,-,-
ACEN AUSTRALIA PTY LTD,New England Solar Farm,F,NSW,2960424,822340,53,4108,4161,0,On,NEM,Solar,-
ACEN AUSTRALIA PTY LTD,Corporate Total,C,-,2960424,822340,53,4108,4161,,-,-,-,-
ADANI RENEWABLE ASSET HOLDINGS PTY LTD,Adani Rugby Run Solar Farm,F,QLD,570193,158387,0,515,515,0,On,NEM,Solar,-
ADANI RENEWABLE ASSET HOLDINGS PTY LTD,Corporate Total,C,-,570193,158387,0,515,515,,-,-,-,-
AGL ENERGY LIMITED,Banimboola Hydro,F,VIC,91763,25490,0,13,13,0,On,NEM,Hydro,-
AGL ENERGY LIMITED,Barker Inlet Power Station,F,SA,1025167,284769,163814,1911,165725,0.58,On,NEM,Gas,-
AGL ENERGY LIMITED,Bayswater Power Station,F,NSW,55966665,15546296,13678909,33810,13712719,0.88,On,NEM,Black Coal,-
AGL ENERGY LIMITED,Bogong Power Station,F,VIC,193748,53819,0,698,698,0,On,NEM,Hydro,-
AGL ENERGY LIMITED,Broken Hill Solar Plant,F,NSW,386683,107412,83,283,366,0,On,NEM,Solar,-
AGL ENERGY LIMITED,Burrendong Hydro,F,NSW,161114,44754,0,48,48,0,On,NEM,Hydro,-
AGL ENERGY LIMITED,Clover Hydro,F,VIC,155941,43317,0,197,197,0,On,NEM,Hydro,-
AGL ENERGY LIMITED,Coopers Gap Wind Farm,F,QLD,4628812,1285781,152,1045,1197,0,On,NEM,Wind,-
AGL ENERGY LIMITED,Copeton Hydro,F,NSW,181919,50533,0,39,39,0,On,NEM,Hydro,-
AGL ENERGY LIMITED,Dartmouth Hydro,F,VIC,991662,275462,0,120,120,0,On,NEM,Hydro,-
AGL ENERGY LIMITED,Eildon Hydro,F,VIC,823286,228691,0,28,28,0,On,NEM,Hydro,-
AGL ENERGY LIMITED,Glenbawn Hydro,F,NSW,0,0,0,8,8,0,On,NEM,Hydro,-
AGL ENERGY LIMITED,Hallett (Stage 1) Wind Farm,F,SA,739126,205313,56,168,224,0,On,NEM,Wind,-
AGL ENERGY LIMITED,Hallett (Stage 2) Wind Farm,F,SA,634702,176306,96,133,229,0,On,NEM,Wind,-
AGL ENERGY LIMITED,Hallett (Stage 4) Wind Farm,F,SA,1234242,342845,163,259,422,0,On,NEM,Wind,-
AGL ENERGY LIMITED,Hallett (Stage 5) Wind Farm,F,SA,353783,98273,42,139,181,0,On,NEM,Wind,-
AGL ENERGY LIMITED,Kwinana Swift Power Station,F,WA,400412,111225,64886,72,64958,0.58,On,SWIS,Gas,-
AGL ENERGY LIMITED,Loy Yang Power Station and Mine,F,VIC,56482712,15689642,18531075,192632,18723707,1.18,On,NEM,Brown Coal,-
AGL ENERGY LIMITED,Macarthur Wind Farm,F,VIC,2356504,654584,4369,2771,7140,0.01,On,NEM,Wind,-
AGL ENERGY LIMITED,McKay Creek Hydro,F,VIC,294998,81944,0,1291,1291,0,On,NEM,Hydro,-
AGL ENERGY LIMITED,Nyngan Solar Plant,F,NSW,820440,227900,156,580,736,0,On,NEM,Solar,-
AGL ENERGY LIMITED,Oaklands Hill Wind Farm,F,VIC,446157,123933,73,438,511,0,On,NEM,Wind,-
AGL ENERGY LIMITED,Pindari Hydro,F,NSW,27991,7775,0,0,0,0,On,NEM,Hydro,-
AGL ENERGY LIMITED,Rubicon Hydro Scheme,F,VIC,9557,2655,0,173,173,0,On,NEM,Hydro,-
AGL ENERGY LIMITED,Silverton Wind Farm,F,NSW,2151516,597643,80,472,552,0,On,NEM,Wind,-
AGL ENERGY LIMITED,Somerton Power Station,F,VIC,124067,34463,26395,1244,27639,0.77,On,NEM,Gas,-
AGL ENERGY LIMITED,Torrens Island Power Station,F,SA,2254290,626192,370328,5859,376187,0.59,On,NEM,Gas,-
AGL ENERGY LIMITED,Wattle Point Wind Farm,F,SA,816386,226774,61,97,158,0,On,NEM,Wind,-
AGL ENERGY LIMITED,West Kiewa Hydro,F,VIC,624142,173373,0,427,427,0,On,NEM,Hydro,-
AGL ENERGY LIMITED,Yarrawonga Hydro,F,VIC,162386,45107,0,12,12,0,On,NEM,Hydro,-
AGL ENERGY LIMITED,Corporate Total,C,-,134540171,37372269,32840738,244967,33085705,,-,-,-,-
ALCOA AUSTRALIAN HOLDINGS PTY LTD,Alinta Pinjarra Generation Facility,F,WA,5470233,1519509,1191948,229,1192177,0.78,On,SWIS,Gas,-
ALCOA AUSTRALIAN HOLDINGS PTY LTD,Corporate Total,C,-,5470233,1519509,1191948,229,1192177,,-,-,-,-
PIONEER SAIL HOLDINGS PTY LIMITED,Bairnsdale Power Station,F,VIC,226096,62804,33601,529,34130,0.54,On,NEM,Gas,-
PIONEER SAIL HOLDINGS PTY LIMITED,Braemar Power Station,F,QLD,1059603,294334,171732,1803,173535,0.58,On,NEM,Coal Seam Methane,-
PIONEER SAIL HOLDINGS PTY LIMITED,Loy Yang B Power Station,F,VIC,30517219,8477005,9642473,1482,9643955,1.14,On,NEM,Brown Coal,-
PIONEER SAIL HOLDINGS PTY LIMITED,Wagerup Power Station,F,WA,2924375,812326,483711,2495,486206,0.6,On,SWIS,Gas,-
PIONEER SAIL HOLDINGS PTY LIMITED,Yandin Wind Farm,F,WA,3002694,834082,153,463,616,0,On,SWIS,Wind,-
PIONEER SAIL HOLDINGS PTY LIMITED,Corporate Total,C,-,37729987,10480552,10331670,6772,10338442,,-,-,-,-
AMP AUSTRALIA HOLDINGS PTY LTD,Hillston Sun Farm,F,NSW,694749,192986,75,902,977,0,On,NEM,Solar,-
AMP AUSTRALIA HOLDINGS PTY LTD,Corporate Total,C,-,694749,192986,75,902,977,,-,-,-,-
AMP ENERGY AUSTRALIA 1-1 PTY LTD,Molong Solar Farm,F,NSW,115069,31963,37,458,495,0,On,NEM,Solar,-
AMP ENERGY AUSTRALIA 1-1 PTY LTD,Corporate Total,C,-,115069,31963,37,458,495,,-,-,-,-
APA INFRASTRUCTURE LIMITED,Badgingarra Solar Farm,F,WA,146651,40736,2,42,44,0,On,SWIS,Solar,-
APA INFRASTRUCTURE LIMITED,Badgingarra Wind Farm,F,WA,1761022,489173,25,239,264,0,On,SWIS,Wind,-
APA INFRASTRUCTURE LIMITED,Darling Downs Solar Farm,F,QLD,757573,210437,12,608,620,0,On,NEM,Solar,-
APA INFRASTRUCTURE LIMITED,Diamantina Power Station,F,QLD,5425334,1507037,644543,149,644692,0.43,On,Mt Isa,Gas,-
APA INFRASTRUCTURE LIMITED,Dugald River Solar Farm,F,QLD,510571,141825,0,0,0,0,On,Mt Isa,Solar,-
APA INFRASTRUCTURE LIMITED,Emu Downs Solar Farm,F,WA,170586,47385,6,52,58,0,On,SWIS,Solar,-
APA INFRASTRUCTURE LIMITED,Emu Downs Wind Farm,F,WA,898729,249647,47,214,261,0,On,SWIS,Wind,-
APA INFRASTRUCTURE LIMITED,Newman Power Station,F,WA,3098532,860703,376230,0,376230,0.44,Off,Off-grid,Gas,-
APA INFRASTRUCTURE LIMITED,Port Hedland Power Station,F,WA,1618605,449612,340466,0,340466,0.76,On,NWIS,Gas,-
APA INFRASTRUCTURE LIMITED,Corporate Total,C,-,14387603,3996556,1361331,1304,1362635,,-,-,-,-
ARROW ENERGY HOLDINGS PTY LTD,Braemar 2 Power Station,F,QLD,1296561,360156,209697,4459,214156,0.58,On,NEM,Coal Seam Methane,-
ARROW ENERGY HOLDINGS PTY LTD,Corporate Total,C,-,1296561,360156,209697,4459,214156,,-,-,-,-
ATCO AUSTRALIA PTY LTD,Karratha Power Station,F,WA,273101,75862,53106,170,53276,0.7,On,NWIS,Gas,-
ATCO AUSTRALIA PTY LTD,Osborne facility,F,SA,1354334,376204,156932,2527,159459,0.42,On,NEM,Gas,-
ATCO AUSTRALIA PTY LTD,Corporate Total,C,-,1627435,452065,210038,2697,212735,,-,-,-,-
ATMOS QUEENSLAND SOLAR PTY LTD,Childers Solar Farm,F,QLD,350087,97246,14,262,276,0,On,NEM,Solar,-
ATMOS QUEENSLAND SOLAR PTY LTD,Susan River Solar Farm,F,QLD,481257,133683,20,341,361,0,On,NEM,Solar,-
ATMOS QUEENSLAND SOLAR PTY LTD,The Daydream Solar Farm Trust,F,QLD,1194582,331828,184,414,598,0,On,NEM,Solar,-
ATMOS QUEENSLAND SOLAR PTY LTD,The Hayman Solar Farm Trust,F,QLD,349170,96991,19,149,168,0,On,NEM,Solar,-
ATMOS QUEENSLAND SOLAR PTY LTD,Corporate Total,C,-,2375096,659749,237,1166,1403,,-,-,-,-
ATMOS TOPCO PTY LTD,KARADOC SOLAR FARM,F,VIC,460016,127782,67,299,366,0,On,NEM,Solar,-
ATMOS TOPCO PTY LTD,Kiata Wind Farm,F,VIC,363781,101050,21,393,414,0,On,NEM,Wind,-
ATMOS TOPCO PTY LTD,Nevertire Solar Farm,F,NSW,878709,244086,15,550,565,0,On,NEM,Solar,-
ATMOS TOPCO PTY LTD,Corporate Total,C,-,1702506,472918,103,1242,1345,,-,-,-,-
AWF AUS HOLD OP CO PTY LTD,Facility,F,VIC,1688147,468930,101,787,888,0,On,NEM,Wind,-
AWF AUS HOLD OP CO PTY LTD,Corporate Total,C,-,1688147,468930,101,787,888,,-,-,-,-
BALD HILLS WF HOLDINGS PTY LTD,Bald Hills Wind Farm Pty Ltd,F,VIC,1154820,320783,40,619,659,0,On,NEM,Wind,-
BALD HILLS WF HOLDINGS PTY LTD,Corporate Total,C,-,1154820,320783,40,619,659,,-,-,-,-
BANPU AUSTRALIA CO. PTY LTD,Beryl Solar Farm,F,NSW,694181,192828,52,563,615,0,On,NEM,Solar,-
BANPU AUSTRALIA CO. PTY LTD,Manildra Solar Farm,F,NSW,171166,47546,21,148,169,0,On,NEM,Solar,-
BANPU AUSTRALIA CO. PTY LTD,Corporate Total,C,-,865347,240374,73,711,784,,-,-,-,-
BEI WWF PTY LTD,Warradarge Wind Farm,F,WA,2267764,629934,178,522,700,0,On,SWIS,Wind,-
BEI WWF PTY LTD,Corporate Total,C,-,2267764,629934,178,522,700,,-,-,-,-
BEIJING JINGNENG CLEAN ENERGY (AUSTRALIA) HOLDING PTY LTD,Gullen Solar Pty Ltd,F,NSW,71346,19818,3,34,37,0,On,NEM,Solar,-
BEIJING JINGNENG CLEAN ENERGY (AUSTRALIA) HOLDING PTY LTD,New Gullen Range Wind Farm Pty Ltd,F,NSW,1443378,400938,56,421,477,0,On,NEM,Wind,-
BEIJING JINGNENG CLEAN ENERGY (AUSTRALIA) HOLDING PTY LTD,Newtricity Developments Biala Pty Ltd,F,NSW,1170551,325153,24,1232,1256,0,On,NEM,Wind,-
BEIJING JINGNENG CLEAN ENERGY (AUSTRALIA) HOLDING PTY LTD,Corporate Total,C,-,2685275,745910,83,1687,1770,,-,-,-,-
BHP GROUP LIMITED,Yarnima Power Station,F,WA,2900898,805805,347643,0,347643,0.43,Off,Off-grid,Gas,-
BHP GROUP LIMITED,Corporate Total,C,-,2900898,805805,347643,0,347643,,-,-,-,-
BLUEWATERS POWER 1 PTY LTD,Bluewaters Power 1,F,WA,5463442,1517623,1352311,900,1353211,0.89,On,SWIS,Black Coal,-
BLUEWATERS POWER 1 PTY LTD,Corporate Total,C,-,5463442,1517623,1352311,900,1353211,,-,-,-,-
BLUEWATERS POWER 2 PTY LTD,Bluewaters Power 2,F,WA,4933350,1370375,1238252,1835,1240087,0.9,On,SWIS,Black Coal,-
BLUEWATERS POWER 2 PTY LTD,Corporate Total,C,-,4933350,1370375,1238252,1835,1240087,,-,-,-,-
C S ENERGY LIMITED,Callide B Power Station,F,QLD,15384428,4273452,4004358,23803,4028161,0.94,On,NEM,Black Coal,-
C S ENERGY LIMITED,Callide C Power Station,F,QLD,2817641,782678,675798,12240,688038,0.86,On,NEM,Black Coal,"Please note that where more than one person has operational control over a facility at the same time and no nomination of operational control has been made, data for the facility for the entire period must be reported by the controlling corporation of each entity with operational control. This results in the same facility being reported multiple times. C S ENERGY LIMITED and GENUITY PTY LTD, have each included the same data for the Callide C Power Station in their NGER reports."
C S ENERGY LIMITED,Chinchilla BESS,F,QLD,0,0,0,0,0,0,On,NEM,Battery,-
C S ENERGY LIMITED,Kogan Creek Power Station,F,QLD,19721081,5478078,4520575,1897,4522472,0.83,On,NEM,Black Coal,-
C S ENERGY LIMITED,Corporate Total,C,-,37923150,10534208,9200731,37940,9238671,,-,-,-,-
INTERNATIONAL POWER (AUSTRALIA) HOLDINGS PTY LIMITED,Canunda Wind Farm,F,SA,350736,97427,17,95,112,0,On,NEM,Wind,-
INTERNATIONAL POWER (AUSTRALIA) HOLDINGS PTY LIMITED,Corporate Total,C,-,350736,97427,17,95,112,,-,-,-,-
CAPE BYRON MANAGEMENT PTY LTD,Broadwater Power Plant,F,NSW,555953,154431,4722,1676,6398,0.03,On,NEM,Wood,-
CAPE BYRON MANAGEMENT PTY LTD,Condong Power Plant,F,NSW,523700,145472,3943,1607,5550,0.03,On,NEM,Wood,-
CAPE BYRON MANAGEMENT PTY LTD,Corporate Total,C,-,1079653,299904,8665,3283,11948,,-,-,-,-
CBWF HOLDINGS PTY LIMITED,Facility,F,VIC,265764,73823,27,83,110,0,On,NEM,Wind,-
CBWF HOLDINGS PTY LIMITED,Corporate Total,C,-,265764,73823,27,83,110,,-,-,-,-
CECEP WIND POWER AUSTRALIA HOLDING PTY LTD,White Rock Wind Farm Pty Ltd,F,NSW,1559750,433264,58,398,456,0,On,NEM,Wind,-
CECEP WIND POWER AUSTRALIA HOLDING PTY LTD,Corporate Total,C,-,1559750,433264,58,398,456,,-,-,-,-
CHERRY TREE HOLD CO PTY LTD,Cherry Tree Wind Farm Pty Ltd,F,VIC,634818,176338,20,451,471,0,On,NEM,Wind,-
CHERRY TREE HOLD CO PTY LTD,Corporate Total,C,-,634818,176338,20,451,471,,-,-,-,-
HOCHTIEF AUSTRALIA HOLDINGS LIMITED,Glenrowan Solar Farm Pty Ltd,F,VIC,311418,86505,5,838,843,0,On,NEM,Solar,-
HOCHTIEF AUSTRALIA HOLDINGS LIMITED,Corporate Total,C,-,311418,86505,5,838,843,,-,-,-,-
CLARE SOLAR FARM HOLDINGS PTY LTD,Clare Solar Farm,F,QLD,546410,151781,65,706,771,0,On,NEM,Solar,-
CLARE SOLAR FARM HOLDINGS PTY LTD,Corporate Total,C,-,546410,151781,65,706,771,,-,-,-,-
CLEANCO QUEENSLAND LIMITED,Barron Gorge Power Station,F,QLD,337936,93871,239,614,853,0,On,NEM,Hydro,-
CLEANCO QUEENSLAND LIMITED,Kareeya Power Station,F,QLD,2114115,587254,101,1402,1503,0,On,NEM,Hydro,-
CLEANCO QUEENSLAND LIMITED,Swanbank E Power Station,F,QLD,2338074,649465,253770,4340,258110,0.39,On,NEM,Gas,-
CLEANCO QUEENSLAND LIMITED,Wivenhoe Power Station,F,QLD,2275772,632159,16,684673,684689,0,On,NEM,Hydro,-
CLEANCO QUEENSLAND LIMITED,Corporate Total,C,-,7065897,1962749,254126,691029,945155,,-,-,-,-
CK WILLIAM AUSTRALIA HOLDINGS PTY LTD,Cullerin Range Wind Farm,F,NSW,314065,87240,14,82,96,0,On,NEM,Wind,-
CK WILLIAM AUSTRALIA HOLDINGS PTY LTD,Corporate Total,C,-,314065,87240,14,82,96,,-,-,-,-
CWF HOLDINGS PTY LTD,Collgar Wind Farm,F,WA,2306166,640602,164,821,985,0,On,SWIS,Wind,-
CWF HOLDINGS PTY LTD,Corporate Total,C,-,2306166,640602,164,821,985,,-,-,-,-
DIF INFRA 4 HOLDINGS AUSTRALIA PTY LTD,Royalla Solar Farm,F,ACT,122875,34132,0,148,148,0,On,NEM,Solar,-
DIF INFRA 4 HOLDINGS AUSTRALIA PTY LTD,Corporate Total,C,-,122875,34132,0,148,148,,-,-,-,-
DUNDONNELL WIND FARM PTY LTD,Dundonnell Wind Farm,F,VIC,3167240,879789,222,2334,2556,0,On,NEM,Wind,-
DUNDONNELL WIND FARM PTY LTD,Corporate Total,C,-,3167240,879789,222,2334,2556,,-,-,-,-
EDIFY GROUP HOLDINGS PTY LTD,Darlington Point Solar Farm Pty Ltd,F,NSW,2113561,587100,151,0,151,0,On,NEM,Solar,-
EDIFY GROUP HOLDINGS PTY LTD,Gannawarra Solar Farm Pty Ltd,F,VIC,381873,106076,25,0,25,0,On,NEM,Solar,-
EDIFY GROUP HOLDINGS PTY LTD,GESS ProjectCo Pty Ltd,F,VIC,0,0,15,2264,2279,0,On,NEM,Battery,-
EDIFY GROUP HOLDINGS PTY LTD,Hamilton Solar Farm Pty Ltd,F,NT,419599,116555,31,0,31,0,On,NEM,Solar,-
EDIFY GROUP HOLDINGS PTY LTD,The DPESS Trust,F,NSW,0,0,2,1302,1304,0,On,NEM,Battery,-
EDIFY GROUP HOLDINGS PTY LTD,The RESS 1 Trust,F,NSW,0,0,7,3725,3732,0,On,NEM,Battery,-
EDIFY GROUP HOLDINGS PTY LTD,The RESS 2 Trust,F,NSW,0,0,7,3647,3654,0,On,NEM,Battery,-
EDIFY GROUP HOLDINGS PTY LTD,Corporate Total,C,-,2915033,809731,238,10938,11176,,-,-,-,-
CK WILLIAM AUSTRALIA HOLDINGS PTY LTD,Glennies Creek WCMG Power Station,F,NSW,146936,40816,21468,7,21475,0.53,On,NEM,Waste Coal Mine Gas,-
CK WILLIAM AUSTRALIA HOLDINGS PTY LTD,Oaky Creek II WCMG Power Station,F,QLD,337799,93833,53297,11,53308,0.57,On,NEM,Waste Coal Mine Gas,-
CK WILLIAM AUSTRALIA HOLDINGS PTY LTD,Oaky Creek WCMG Power Station,F,QLD,389743,108262,56189,38,56227,0.52,On,NEM,Waste Coal Mine Gas,-
CK WILLIAM AUSTRALIA HOLDINGS PTY LTD,Corporate Total,C,-,874478,242911,130954,56,131010,,-,-,-,-
CK WILLIAM AUSTRALIA HOLDINGS PTY LTD,Tahmoor WCMG Power Station,F,NSW,129308,35919,20435,14,20449,0.57,On,NEM,Waste Coal Mine Gas,-
CK WILLIAM AUSTRALIA HOLDINGS PTY LTD,Corporate Total,C,-,129308,35919,20435,14,20449,,-,-,-,-
CK WILLIAM AUSTRALIA HOLDINGS PTY LTD,Appin CSM Power Station,F,NSW,821931,228314,146960,8,146968,0.64,On,NEM,Waste Coal Mine Gas,-
CK WILLIAM AUSTRALIA HOLDINGS PTY LTD,Tower CSM Power Station,F,NSW,496382,137884,91695,49,91744,0.67,On,NEM,Waste Coal Mine Gas,-
CK WILLIAM AUSTRALIA HOLDINGS PTY LTD,Corporate Total,C,-,1318313,366198,238655,57,238712,,-,-,-,-
CK WILLIAM AUSTRALIA HOLDINGS PTY LTD,German Creek CMM Power Station,F,QLD,517091,143637,80445,27,80472,0.56,On,NEM,Waste Coal Mine Gas,-
CK WILLIAM AUSTRALIA HOLDINGS PTY LTD,Corporate Total,C,-,517091,143637,80445,27,80472,,-,-,-,-
CK WILLIAM AUSTRALIA HOLDINGS PTY LTD,Jabiru Power Station,F,NT,50029,13897,4960,0,4960,0.36,Off,Off-grid,Diesel,-
CK WILLIAM AUSTRALIA HOLDINGS PTY LTD,Corporate Total,C,-,50029,13897,4960,0,4960,,-,-,-,-
CK WILLIAM AUSTRALIA HOLDINGS PTY LTD,Eastern Creek LFG Power Station,F,NSW,14065,3907,288,15,303,0.07,On,NEM,Landfill Gas,-
CK WILLIAM AUSTRALIA HOLDINGS PTY LTD,Grange Avenue LFG Power Station,F,NSW,2809,780,75,17,92,0.1,On,NEM,Landfill Gas,-
CK WILLIAM AUSTRALIA HOLDINGS PTY LTD,Jack's Gully LFG Power Station,F,NSW,21949,6097,483,8,491,0.08,On,NEM,Landfill Gas,-
CK WILLIAM AUSTRALIA HOLDINGS PTY LTD,Lucas Heights 1 LFG Power Station,F,NSW,77450,21514,1673,3,1676,0.08,On,NEM,Landfill Gas,-
CK WILLIAM AUSTRALIA HOLDINGS PTY LTD,Lucas Heights 2 LFG Power Station,F,NSW,424631,117953,9589,4,9593,0.08,On,NEM,Landfill Gas,-
CK WILLIAM AUSTRALIA HOLDINGS PTY LTD,Corporate Total,C,-,540904,150251,12108,47,12155,,-,-,-,-
CK WILLIAM AUSTRALIA HOLDINGS PTY LTD,Browns Plains LFG Power Station,F,QLD,54803,15223,1161,1,1162,0.08,On,NEM,Landfill Gas,-
CK WILLIAM AUSTRALIA HOLDINGS PTY LTD,Corporate Total,C,-,54803,15223,1161,1,1162,,-,-,-,-
CK WILLIAM AUSTRALIA HOLDINGS PTY LTD,Wingfield 1 LFG Power Station,F,SA,14533,4037,785,3,788,0.19,On,NEM,Landfill Gas,-
CK WILLIAM AUSTRALIA HOLDINGS PTY LTD,Wingfield 2 LFG Power Station,F,SA,57621,16006,1222,1,1223,0.08,On,NEM,Landfill Gas,-
CK WILLIAM AUSTRALIA HOLDINGS PTY LTD,Corporate Total,C,-,72154,20043,2007,4,2011,,-,-,-,-
CK WILLIAM AUSTRALIA HOLDINGS PTY LTD,Berwick LFG Power Station,F,VIC,0,0,0,0,0,0,On,NEM,Landfill Gas,-
CK WILLIAM AUSTRALIA HOLDINGS PTY LTD,Broadmeadows LFG Power Station,F,VIC,769,214,19,4,23,0.09,On,NEM,Landfill Gas,-
CK WILLIAM AUSTRALIA HOLDINGS PTY LTD,Brooklyn LFG Power Station,F,VIC,17023,4729,363,5,368,0.08,On,NEM,Landfill Gas,-
CK WILLIAM AUSTRALIA HOLDINGS PTY LTD,Clayton LFG Power Station,F,VIC,192288,53413,3519,3,3522,0.07,On,NEM,Landfill Gas,-
CK WILLIAM AUSTRALIA HOLDINGS PTY LTD,Corio LFG Power Station,F,VIC,0,0,0,0,0,0,On,NEM,Landfill Gas,-
CK WILLIAM AUSTRALIA HOLDINGS PTY LTD,Springvale LFG Power Station,F,VIC,0,0,0,4,4,0,On,NEM,Landfill Gas,-
CK WILLIAM AUSTRALIA HOLDINGS PTY LTD,Corporate Total,C,-,210080,58355,3901,16,3917,,-,-,-,-
CK WILLIAM AUSTRALIA HOLDINGS PTY LTD,McArthur River Power Station,F,NT,1054485,292912,153074,0,153074,0.52,Off,Off-grid,Gas,-
CK WILLIAM AUSTRALIA HOLDINGS PTY LTD,Pine Creek A Power Station,F,NT,776327,215646,100836,0,100836,0.47,On,DKIS,Gas,-
CK WILLIAM AUSTRALIA HOLDINGS PTY LTD,Corporate Total,C,-,1830812,508559,253910,0,253910,,-,-,-,-
CK WILLIAM AUSTRALIA HOLDINGS PTY LTD,Broome LNG Power Station,F,WA,513632,142676,80902,20,80922,0.57,Off,Off-grid,Gas,-
CK WILLIAM AUSTRALIA HOLDINGS PTY LTD,Derby LNG Power Station,F,WA,124235,34510,21034,0,21034,0.61,Off,Off-grid,Gas,-
CK WILLIAM AUSTRALIA HOLDINGS PTY LTD,Fitzroy Crossing LNG Power Station,F,WA,53843,14956,9331,0,9331,0.62,Off,Off-grid,Gas,-
CK WILLIAM AUSTRALIA HOLDINGS PTY LTD,Halls Creek LNG Power Station,F,WA,41342,11484,7543,0,7543,0.66,Off,Off-grid,Gas,-
CK WILLIAM AUSTRALIA HOLDINGS PTY LTD,Looma NGD power Station,F,WA,10320,2867,2123,0,2123,0.74,Off,Off-grid,Diesel,-
CK WILLIAM AUSTRALIA HOLDINGS PTY LTD,Corporate Total,C,-,743372,206492,120933,20,120953,,-,-,-,-
CK WILLIAM AUSTRALIA HOLDINGS PTY LTD,Grosvenor 1 WCMG Power Station,F,QLD,468577,130160,72247,16,72263,0.56,On,NEM,Waste Coal Mine Gas,-
CK WILLIAM AUSTRALIA HOLDINGS PTY LTD,Grosvenor 2 WCMG Power Station,F,QLD,317860,88294,50317,7,50324,0.57,On,NEM,Waste Coal Mine Gas,-
CK WILLIAM AUSTRALIA HOLDINGS PTY LTD,Moranbah North CMM Power Station,F,QLD,1509962,419434,242988,6,242994,0.58,On,NEM,Waste Coal Mine Gas,-
CK WILLIAM AUSTRALIA HOLDINGS PTY LTD,Corporate Total,C,-,2296399,637889,365552,29,365581,,-,-,-,-
ELECTRICITY GENERATION AND RETAIL CORPORATION,Alkimos Beach Community Battery,F,WA,0,0,1,17,18,0,On,SWIS,Battery,-
ELECTRICITY GENERATION AND RETAIL CORPORATION,Bremer Bay Wind Diesel Power Station,F,WA,6383,1773,33,0,33,0.02,On,SWIS,Wind,-
ELECTRICITY GENERATION AND RETAIL CORPORATION,Cockburn Power Station,F,WA,2906318,807311,307892,0,307892,0.38,On,SWIS,Gas,-
ELECTRICITY GENERATION AND RETAIL CORPORATION,Collie Power Station,F,WA,3481165,966990,920053,2651,922704,0.95,On,SWIS,Black Coal,-
ELECTRICITY GENERATION AND RETAIL CORPORATION,Coral Bay Wind Diesel Power Station,F,WA,11571,3214,1264,0,1264,0.39,Off,Off-grid,Diesel,-
ELECTRICITY GENERATION AND RETAIL CORPORATION,Hopetoun Wind Diesel Power Station,F,WA,19460,5405,2434,0,2434,0.45,Off,Off-grid,Diesel,-
ELECTRICITY GENERATION AND RETAIL CORPORATION,Kalbarri Wind Farm,F,WA,7717,2144,0,0,0,0,On,SWIS,Wind,-
ELECTRICITY GENERATION AND RETAIL CORPORATION,Kalgoorlie Gas Turbine Station,F,WA,31036,8621,8159,0,8159,0.95,On,SWIS,Gas,-
ELECTRICITY GENERATION AND RETAIL CORPORATION,Kwinana Battery Energy Storage Site,F,WA,0,0,609,5789,6398,0,On,SWIS,Battery,-
ELECTRICITY GENERATION AND RETAIL CORPORATION,Kwinana Power Station,F,WA,3100329,861203,455259,281,455540,0.53,On,SWIS,Gas,-
ELECTRICITY GENERATION AND RETAIL CORPORATION,Muja Power Station,F,WA,11521966,3200546,3091936,864,3092800,0.97,On,SWIS,Black Coal,-
ELECTRICITY GENERATION AND RETAIL CORPORATION,Mungarra Gas Turbine Station,F,WA,21555,5988,4537,0,4537,0.76,On,SWIS,Gas,-
ELECTRICITY GENERATION AND RETAIL CORPORATION,Pinjar Gas Turbine Station,F,WA,1984182,551162,569715,0,569715,1.03,On,SWIS,Gas,-
ELECTRICITY GENERATION AND RETAIL CORPORATION,VPP4S,F,WA,0,0,0,73,73,0,On,SWIS,Battery,-
ELECTRICITY GENERATION AND RETAIL CORPORATION,Corporate Total,C,-,23091682,6414356,5361892,9675,5371567,,-,-,-,-
ELECTRICITY NETWORKS CORPORATION,Ravensthorpe Power Station,F,WA,1811,503,363,0,363,0.72,On,SWIS,Diesel,-
ELECTRICITY NETWORKS CORPORATION,Corporate Total,C,-,1811,503,363,0,363,,-,-,-,-
POTENTIA ENERGY GROUP PTY LTD,Bungala One Solar Farm,F,SA,762465,211796,14,0,14,0,On,NEM,Solar,-
POTENTIA ENERGY GROUP PTY LTD,Bungala Two Solar Farm,F,SA,822031,228342,14,0,14,0,On,NEM,Solar,-
POTENTIA ENERGY GROUP PTY LTD,Cohuna Solar Farm,F,VIC,101590,28219,14,0,14,0,On,NEM,Solar,-
POTENTIA ENERGY GROUP PTY LTD,Corporate Total,C,-,1686086,468357,42,0,42,,-,-,-,-
CK WILLIAM AUSTRALIA HOLDINGS PTY LTD,Ardyaloon Facility,F,WA,7102,1973,1420,0,1420,0.72,Off,Off-grid,Diesel,-
CK WILLIAM AUSTRALIA HOLDINGS PTY LTD,Beagle Bay Facility,F,WA,6474,1798,1330,0,1330,0.74,Off,Off-grid,Diesel,-
CK WILLIAM AUSTRALIA HOLDINGS PTY LTD,Bidyadanga Facility,F,WA,12047,3346,2442,0,2442,0.73,Off,Off-grid,Diesel,-
CK WILLIAM AUSTRALIA HOLDINGS PTY LTD,Coober Pedy Facility,F,SA,52066,14463,3727,0,3727,0.26,Off,Off-grid,Wind,-
CK WILLIAM AUSTRALIA HOLDINGS PTY LTD,Djarindjin Facility,F,WA,7706,2141,1552,0,1552,0.73,Off,Off-grid,Diesel,-
CK WILLIAM AUSTRALIA HOLDINGS PTY LTD,Leonora Facility,F,WA,28775,7993,5500,0,5500,0.69,Off,Off-grid,Gas,-
CK WILLIAM AUSTRALIA HOLDINGS PTY LTD,Warmun Facility,F,WA,9346,2596,1966,0,1966,0.76,Off,Off-grid,Diesel,-
CK WILLIAM AUSTRALIA HOLDINGS PTY LTD,Corporate Total,C,-,123516,34310,17937,0,17937,,-,-,-,-
ENERGY QUEENSLAND LIMITED,Aurukun Remote generation,F,QLD,23731,6592,4393,0,4393,0.67,Off,Off-grid,Diesel,-
ENERGY QUEENSLAND LIMITED,Badu Island Remote Generation,F,QLD,12381,3439,2372,0,2372,0.69,Off,Off-grid,Diesel,-
ENERGY QUEENSLAND LIMITED,Bamaga Remote Generation,F,QLD,63002,17500,11576,0,11576,0.66,Off,Off-grid,Diesel,-
ENERGY QUEENSLAND LIMITED,Barcaldine Power Station Facility,F,QLD,21220,5894,7440,370,7810,1.26,On,NEM,Gas,-
ENERGY QUEENSLAND LIMITED,Bedourie Remote Generation,F,QLD,4736,1315,873,0,873,0.66,Off,Off-grid,Diesel,-
ENERGY QUEENSLAND LIMITED,Birdsville Remote Generation,F,QLD,5529,1536,980,0,980,0.64,Off,Off-grid,Diesel,-
ENERGY QUEENSLAND LIMITED,Boigu Island Remote Generation,F,QLD,4722,1312,962,0,962,0.73,Off,Off-grid,Diesel,-
ENERGY QUEENSLAND LIMITED,Boulia Remote Generation,F,QLD,11207,3113,2184,0,2184,0.7,Off,Off-grid,Diesel,-
ENERGY QUEENSLAND LIMITED,Burketown Remote Generation,F,QLD,8613,2392,1516,0,1516,0.63,Off,Off-grid,Diesel,-
ENERGY QUEENSLAND LIMITED,Camooweal Remote Generation,F,QLD,7993,2220,1523,0,1523,0.69,Off,Off-grid,Diesel,-
ENERGY QUEENSLAND LIMITED,Coconut Island Remote Generation,F,QLD,3928,1091,777,0,777,0.71,Off,Off-grid,Diesel,-
ENERGY QUEENSLAND LIMITED,Coen Remote Generation,F,QLD,6721,1867,1198,0,1198,0.64,Off,Off-grid,Diesel,-
ENERGY QUEENSLAND LIMITED,Darnley Island Remote Generation,F,QLD,5962,1656,1168,0,1168,0.71,Off,Off-grid,Diesel,-
ENERGY QUEENSLAND LIMITED,Dauan Island Remote Generation,F,QLD,3808,1058,760,0,760,0.72,Off,Off-grid,Diesel,-
ENERGY QUEENSLAND LIMITED,Domain Shopping centre Solar Farm,F,QLD,7427,2063,0,0,0,0,Off,Off-grid,Solar,-
ENERGY QUEENSLAND LIMITED,Doomadgee Remote Generation,F,QLD,27002,7501,4745,0,4745,0.63,Off,Off-grid,Diesel,-
ENERGY QUEENSLAND LIMITED,Energy Impact - Bromelton Peak Generation Plant - Facility,F,QLD,4031,1120,733,383,1116,0.65,On,NEM,Diesel,-
ENERGY QUEENSLAND LIMITED,Energy Impact - Generation - Facility,F,QLD,3286,913,643,0,643,0.7,On,NEM,Diesel,-
ENERGY QUEENSLAND LIMITED,Grand Central Shopping Centre Solar Farm,F,QLD,4484,1246,0,0,0,0,Off,Off-grid,Solar,-
ENERGY QUEENSLAND LIMITED,Gununa Remote Generation,F,QLD,25209,7003,4886,0,4886,0.7,Off,Off-grid,Diesel,-
ENERGY QUEENSLAND LIMITED,Hammond Island,F,QLD,3455,960,714,0,714,0.74,Off,Off-grid,Diesel,-
ENERGY QUEENSLAND LIMITED,Jundah Remote Generation,F,QLD,4669,1297,860,0,860,0.66,Off,Off-grid,Diesel,-
ENERGY QUEENSLAND LIMITED,Kowanyama Remote Generation,F,QLD,19991,5553,3664,0,3664,0.66,Off,Off-grid,Diesel,-
ENERGY QUEENSLAND LIMITED,Kubin Island Remote Generation,F,QLD,9151,2542,1662,0,1662,0.65,Off,Off-grid,Diesel,-
ENERGY QUEENSLAND LIMITED,Lockhart River Remote Generation,F,QLD,11532,3203,2157,0,2157,0.67,Off,Off-grid,Diesel,-
ENERGY QUEENSLAND LIMITED,Logan Hyperdome Solar Farm,F,QLD,21721,6034,0,0,0,0,Off,Off-grid,Solar,-
ENERGY QUEENSLAND LIMITED,Mabuig Island Remote Generation,F,QLD,4228,1174,868,0,868,0.74,Off,Off-grid,Diesel,-
ENERGY QUEENSLAND LIMITED,Mapoon Remote Generation,F,QLD,7021,1950,1245,0,1245,0.64,Off,Off-grid,Diesel,-
ENERGY QUEENSLAND LIMITED,Murray Island Remote Generation,F,QLD,7407,2057,1438,0,1438,0.7,Off,Off-grid,Diesel,-
ENERGY QUEENSLAND LIMITED,Palm Island Remote Generation,F,QLD,32987,9163,6433,0,6433,0.7,Off,Off-grid,Diesel,-
ENERGY QUEENSLAND LIMITED,Pormpuraaw,F,QLD,12256,3405,2302,0,2302,0.68,Off,Off-grid,Diesel,-
ENERGY QUEENSLAND LIMITED,Robina Shopping Centre Solar Farm,F,QLD,23465,6518,0,0,0,0,Off,Off-grid,Solar,-
ENERGY QUEENSLAND LIMITED,Sabai Island Remote Generation,F,QLD,6650,1847,1292,0,1292,0.7,Off,Off-grid,Diesel,-
ENERGY QUEENSLAND LIMITED,Stephen Island Remote Generation,F,QLD,2076,576,416,0,416,0.72,Off,Off-grid,Diesel,-
ENERGY QUEENSLAND LIMITED,Thursday Island Remote Generation,F,QLD,102796,28554,19012,0,19012,0.67,Off,Off-grid,Diesel,-
ENERGY QUEENSLAND LIMITED,Warraber Island Remote Generation,F,QLD,4504,1251,974,0,974,0.78,Off,Off-grid,Diesel,-
ENERGY QUEENSLAND LIMITED,Wasaga Remote Generation,F,QLD,17638,4899,3343,0,3343,0.68,Off,Off-grid,Diesel,-
ENERGY QUEENSLAND LIMITED,Water Gardens Shopping Centre Solar Farm,F,VIC,9361,2600,0,0,0,0,Off,Off-grid,Solar,-
ENERGY QUEENSLAND LIMITED,Windorah Remote Generation,F,QLD,4599,1278,842,0,842,0.66,Off,Off-grid,Diesel,-
ENERGY QUEENSLAND LIMITED,Yam Island,F,QLD,6473,1798,1202,0,1202,0.67,Off,Off-grid,Diesel,-
ENERGY QUEENSLAND LIMITED,York Island,F,QLD,5857,1627,1148,0,1148,0.71,Off,Off-grid,Diesel,-
ENERGY QUEENSLAND LIMITED,Corporate Total,C,-,572829,159119,98301,753,99054,,-,-,-,-
ENERGYAUSTRALIA HOLDINGS LIMITED,EnergyAustralia Virtual Power Plant (EA VPP),F,VIC,0,0,0,0,0,0,On,NEM,Battery,-
ENERGYAUSTRALIA HOLDINGS LIMITED,Hallett Power Station,F,SA,186870,51908,43999,719,44718,0.85,On,NEM,Gas,-
ENERGYAUSTRALIA HOLDINGS LIMITED,Jeeralang Power Station,F,VIC,162478,45133,34838,4958,39796,0.77,On,NEM,Gas,-
ENERGYAUSTRALIA HOLDINGS LIMITED,Mt Piper Power Station,F,NSW,23879946,6633318,5663394,8944,5672338,0.85,On,NEM,Black Coal,-
ENERGYAUSTRALIA HOLDINGS LIMITED,Newport Power Station,F,VIC,910481,252911,136733,19168,155901,0.54,On,NEM,Gas,-
ENERGYAUSTRALIA HOLDINGS LIMITED,Tallawarra Power Station,F,NSW,2182127,606146,249798,7213,257011,0.41,On,NEM,Gas,-
ENERGYAUSTRALIA HOLDINGS LIMITED,Virtual Power Plant,F,VIC,8820,2450,0,0,0,0,Off,Off-grid,Solar,-
ENERGYAUSTRALIA HOLDINGS LIMITED,Yallourn Power Station,F,VIC,28822338,8006205,10344727,157353,10502080,1.29,On,NEM,Brown Coal,-
ENERGYAUSTRALIA HOLDINGS LIMITED,Corporate Total,C,-,56153060,15598072,16473489,198355,16671844,,-,-,-,-
ESSENTIAL ENERGY,Essential Energy Generation Facility - Broken Hill Gas Turbine,F,NSW,0,0,0,0,0,0,On,NEM,Diesel,-
ESSENTIAL ENERGY,Corporate Total,C,-,0,0,0,0,0,,-,-,-,-
EWP AUSTRALIA PTY LTD,Columboola Solar Farm Hold Co Pty Ltd,F,QLD,1069886,297190,58,2676,2734,0,On,NEM,Solar,-
EWP AUSTRALIA PTY LTD,Corporate Total,C,-,1069886,297190,58,2676,2734,,-,-,-,-
FENGATE EXMOUTH ENERGY SPV PTY LTD,Exmouth Power Station Pty Ltd,F,WA,99683,27690,19633,0,19633,0.71,Off,Off-grid,Gas,-
FENGATE EXMOUTH ENERGY SPV PTY LTD,Corporate Total,C,-,99683,27690,19633,0,19633,,-,-,-,-
FINLEY SOLAR HOLDINGS PTY LTD,Finley Solar Farm,F,NSW,980919,272477,0,843,843,0,On,NEM,Solar,-
FINLEY SOLAR HOLDINGS PTY LTD,Corporate Total,C,-,980919,272477,0,843,843,,-,-,-,-
FORTESCUE LTD,Solomon Power Station,F,WA,2270675,630743,316859,0,316859,0.5,Off,Off-grid,Gas,-
FORTESCUE LTD,Corporate Total,C,-,2270675,630743,316859,0,316859,,-,-,-,-
FS OAKEY 2 PTY LTD,Oakey 2 Solar Farm,F,QLD,358328,99536,0,0,0,0,On,NEM,Solar,-
FS OAKEY 2 PTY LTD,Corporate Total,C,-,358328,99536,0,0,0,,-,-,-,-
GENEX POWER LIMITED,Jemalong PV Asset Pty Ltd as Trustee for the Jemalong PV Asset Trust,F,NSW,404145,112262,0,632,632,0,On,NEM,Solar,-
GENEX POWER LIMITED,Kidston Solar One - Solar – Qld,F,QLD,395600,109889,0,1110,1110,0,On,NEM,Solar,-
GENEX POWER LIMITED,Corporate Total,C,-,799745,222152,0,1742,1742,,-,-,-,-
GENTARI RENEWABLES AUSTRALIA PTY LTD,Clermont Solar Farm,F,QLD,579402,160945,58,3434,3492,0,On,NEM,Solar,-
GENTARI RENEWABLES AUSTRALIA PTY LTD,Wemen Solar Farm,F,VIC,438948,121930,169,1267,1436,0,On,NEM,Solar,-
GENTARI RENEWABLES AUSTRALIA PTY LTD,Corporate Total,C,-,1018350,282875,227,4701,4928,,-,-,-,-
GENUITY PTY LTD,Callide C Power Station (facility),F,QLD,2817641,782678,675798,12240,688038,0.86,On,NEM,Black Coal,"Please note that where more than one person has operational control over a facility at the same time and no nomination of operational control has been made, data for the facility for the entire period must be reported by the controlling corporation of each entity with operational control. This results in the same facility being reported multiple times. C S ENERGY LIMITED and GENUITY PTY LTD, have each included the same data for the Callide C Power Station in their NGER reports."
GENUITY PTY LTD,Millmerran Power Station (facility),F,QLD,21140477,5872355,4890774,3209,4893983,0.83,On,NEM,Black Coal,-
GENUITY PTY LTD,Corporate Total,C,-,23958118,6655033,5566572,15449,5582021,,-,-,-,-
GLOBAL POWER GENERATION AUSTRALIA PTY LTD,Berrybank 2 Wind farm,F,VIC,830378,230661,79,932,1011,0,On,NEM,Wind,-
GLOBAL POWER GENERATION AUSTRALIA PTY LTD,Berrybank Wind farm,F,VIC,1785124,495868,124,1064,1188,0,On,NEM,Wind,-
GLOBAL POWER GENERATION AUSTRALIA PTY LTD,Crookwell 2 Wind farm,F,NSW,646669,179630,67,181,248,0,On,NEM,Wind,-
GLOBAL POWER GENERATION AUSTRALIA PTY LTD,Crookwell 3 Windfarm,F,NSW,0,0,867,0,867,0,On,NEM,Wind,-
GLOBAL POWER GENERATION AUSTRALIA PTY LTD,Cunderdin Solar/BESS,F,WA,0,0,831,0,831,0,On,SWIS,Solar,-
GLOBAL POWER GENERATION AUSTRALIA PTY LTD,Hawkesdale Windfarm,F,VIC,1336,371,429,67,496,1.16,On,NEM,Wind,-
GLOBAL POWER GENERATION AUSTRALIA PTY LTD,Queanbeyan Battery Energy Storage System,F,ACT,0,0,1,964,965,0,On,NEM,Battery,-
GLOBAL POWER GENERATION AUSTRALIA PTY LTD,Ryans Corner Windfarm,F,VIC,0,0,657,582,1239,0,On,NEM,Wind,-
GLOBAL POWER GENERATION AUSTRALIA PTY LTD,Corporate Total,C,-,3263507,906530,3055,3790,6845,,-,-,-,-
GOLDFIELDS POWER PTY LTD,Parkeston Power Station,F,WA,103595,28776,19164,0,19164,0.67,On,SWIS,Gas,-
GOLDFIELDS POWER PTY LTD,Corporate Total,C,-,103595,28776,19164,0,19164,,-,-,-,-
GOONUMBLA HOLDINGS CO PTY. LTD.,Goonumbla Solar Farm,F,NSW,524245,145624,17,390,407,0,On,NEM,Solar,-
GOONUMBLA HOLDINGS CO PTY. LTD.,Corporate Total,C,-,524245,145624,17,390,407,,-,-,-,-
HUGHENDEN SOLAR FARM HOLDCO PTY LTD,HUGHENDEN SOLAR FARM,F,QLD,98614,27393,0,376,376,0,On,NEM,Solar,-
HUGHENDEN SOLAR FARM HOLDCO PTY LTD,Corporate Total,C,-,98614,27393,0,376,376,,-,-,-,-
HYDRO POWER PTY. LIMITED,Wyangala A,F,NSW,222399,61778,0,0,0,0,On,NEM,Hydro,-
HYDRO POWER PTY. LIMITED,Wyangala B,F,NSW,34810,9669,0,0,0,0,On,NEM,Hydro,-
HYDRO POWER PTY. LIMITED,Corporate Total,C,-,257209,71447,0,0,0,,-,-,-,-
HYDRO-ELECTRIC CORPORATION,Hydro Power Station - Bastyan,F,TAS,965799,268278,7,32,39,0,On,NEM,Hydro,-
HYDRO-ELECTRIC CORPORATION,Hydro Power Station - Butlers Gorge inc Nieterana,F,TAS,248640,69067,6,104,110,0,On,NEM,Hydro,-
HYDRO-ELECTRIC CORPORATION,Hydro Power Station - Catagunya,F,TAS,677444,188179,14,31,45,0,On,NEM,Hydro,-
HYDRO-ELECTRIC CORPORATION,Hydro Power Station - Cethana,F,TAS,921052,255848,134,586,720,0,On,NEM,Hydro,-
HYDRO-ELECTRIC CORPORATION,Hydro Power Station - Cluny,F,TAS,250177,69494,2,11,13,0,On,NEM,Hydro,-
HYDRO-ELECTRIC CORPORATION,Hydro Power Station - Devils Gate,F,TAS,651306,180918,6,61,67,0,On,NEM,Hydro,-
HYDRO-ELECTRIC CORPORATION,Hydro Power Station - Fisher & Rowallan,F,TAS,325443,90401,11,151,162,0,On,NEM,Hydro,-
HYDRO-ELECTRIC CORPORATION,Hydro Power Station - Gordon,F,TAS,2810854,780793,23,77,100,0,On,NEM,Hydro,-
HYDRO-ELECTRIC CORPORATION,Hydro Power Station - John Butters,F,TAS,2042166,567268,28,283,311,0,On,NEM,Hydro,-
HYDRO-ELECTRIC CORPORATION,Hydro Power Station - Lake Echo,F,TAS,273908,76086,9,19,28,0,On,NEM,Hydro,-
HYDRO-ELECTRIC CORPORATION,Hydro Power Station - Lake Margaret Lower,F,TAS,22245,6179,0,3,3,0,On,NEM,Hydro,-
HYDRO-ELECTRIC CORPORATION,Hydro Power Station - Lake Margaret Upper,F,TAS,119869,33297,1,10,11,0,On,NEM,Hydro,-
HYDRO-ELECTRIC CORPORATION,Hydro Power Station - Lemonthyme,F,TAS,578016,160560,14,36,50,0,On,NEM,Hydro,-
HYDRO-ELECTRIC CORPORATION,Hydro Power Station - Liapootah,F,TAS,1335809,371058,17,40,57,0,On,NEM,Hydro,-
HYDRO-ELECTRIC CORPORATION,Hydro Power Station - Mackintosh,F,TAS,1052129,292258,121,379,500,0,On,NEM,Hydro,-
HYDRO-ELECTRIC CORPORATION,Hydro Power Station - Meadowbank,F,TAS,431584,119884,6,19,25,0,On,NEM,Hydro,-
HYDRO-ELECTRIC CORPORATION,Hydro Power Station - Paloona,F,TAS,305553,84876,8,10,18,0,On,NEM,Hydro,-
HYDRO-ELECTRIC CORPORATION,Hydro Power Station - Parangana,F,TAS,18770,5214,0,0,0,0,On,NEM,Hydro,-
HYDRO-ELECTRIC CORPORATION,Hydro Power Station - Poatina,F,TAS,4723265,1312018,8,922,930,0,On,NEM,Hydro,-
HYDRO-ELECTRIC CORPORATION,Hydro Power Station - Reece,F,TAS,2733651,759347,74,2262,2336,0,On,NEM,Hydro,-
HYDRO-ELECTRIC CORPORATION,Hydro Power Station - Repulse,F,TAS,414536,115149,7,10,17,0,On,NEM,Hydro,-
HYDRO-ELECTRIC CORPORATION,Hydro Power Station - Tarraleah,F,TAS,1991480,553189,944,73,1017,0,On,NEM,Hydro,-
HYDRO-ELECTRIC CORPORATION,Hydro Power Station - Tods Corner,F,TAS,0,0,0,4,4,0,On,NEM,Hydro,-
HYDRO-ELECTRIC CORPORATION,Hydro Power Station - Trevallyn,F,TAS,1239735,344371,0,54,54,0,On,NEM,Hydro,-
HYDRO-ELECTRIC CORPORATION,Hydro Power Station - Tribute,F,TAS,762467,211796,24,39,63,0,On,NEM,Hydro,-
HYDRO-ELECTRIC CORPORATION,Hydro Power Station - Tungatinah,F,TAS,1354955,376377,31,88,119,0,On,NEM,Hydro,-
HYDRO-ELECTRIC CORPORATION,Hydro Power Station - Wayatinah,F,TAS,779458,216516,0,37,37,0,On,NEM,Hydro,-
HYDRO-ELECTRIC CORPORATION,Hydro Power Station - Wilmot,F,TAS,294939,81928,6,25,31,0,On,NEM,Hydro,-
HYDRO-ELECTRIC CORPORATION,Power Station - Flinders Island,F,TAS,18690,5192,1769,0,1769,0.34,Off,Off-grid,Wind,-
HYDRO-ELECTRIC CORPORATION,Power Station - King Island,F,TAS,52607,14613,6924,0,6924,0.47,Off,Off-grid,Diesel,-
HYDRO-ELECTRIC CORPORATION,Power Station - Tamar Valley,F,TAS,839303,233140,112140,1100,113240,0.48,On,NEM,Gas,-
HYDRO-ELECTRIC CORPORATION,Corporate Total,C,-,28235850,7843292,122334,6466,128800,,-,-,-,-
IBERDROLA AUSTRALIA LIMITED,Alinta Wind Farm,F,WA,938742,260762,81,940,1021,0,On,SWIS,Wind,-
IBERDROLA AUSTRALIA LIMITED,Avonlie Solar Farm,F,NSW,1512221,420062,89,2342,2431,0,On,NEM,Solar,-
IBERDROLA AUSTRALIA LIMITED,Bodangora Wind Farm,F,NSW,1012211,281170,92,605,697,0,On,NEM,Wind,-
IBERDROLA AUSTRALIA LIMITED,Bolivar Power Station,F,SA,155868,43297,23494,209,23703,0.54,On,NEM,Gas,-
IBERDROLA AUSTRALIA LIMITED,Capital Wind Farm,F,NSW,1084887,301358,194,817,1011,0,On,NEM,Wind,-
IBERDROLA AUSTRALIA LIMITED,Lake Bonney BESS Pty Ltd,F,SA,0,0,5,605,610,0,On,NEM,Battery,-
IBERDROLA AUSTRALIA LIMITED,"Lake Bonney Stage 1,2 & 3 Wind Farm",F,SA,1766676,490743,133,573,706,0,On,NEM,Wind,-
IBERDROLA AUSTRALIA LIMITED,PAREP Wind,F,SA,2729166,758102,228,150,378,0,On,NEM,Wind,-
IBERDROLA AUSTRALIA LIMITED,Smithfield Gas Turbine,F,NSW,174024,48340,34995,1088,36083,0.72,On,NEM,Gas,-
IBERDROLA AUSTRALIA LIMITED,Woodlawn Wind Farm,F,NSW,410598,114055,58,311,369,0,On,NEM,Wind,-
IBERDROLA AUSTRALIA LIMITED,Corporate Total,C,-,9784393,2717888,59369,7640,67009,,-,-,-,-
INTERA HOLD (T) PTY LTD,Ross River Solar Farm,F,QLD,902389,250664,45,677,722,0,On,NEM,Solar,-
INTERA HOLD (T) PTY LTD,Corporate Total,C,-,902389,250664,45,677,722,,-,-,-,-
KENNEDY ENERGY PARK HOLDINGS PTY LTD,Kennedy Energy Park Pty Ltd,F,QLD,637017,176949,54,110,164,0,On,NEM,Wind,-
KENNEDY ENERGY PARK HOLDINGS PTY LTD,Corporate Total,C,-,637017,176949,54,110,164,,-,-,-,-
KIAMCO HANWHA FORESIGHT BANNERTON PTY LTD,Bannerton Solar Farm,F,VIC,451831,125509,0,0,0,0,On,NEM,Solar,-
KIAMCO HANWHA FORESIGHT BANNERTON PTY LTD,Corporate Total,C,-,451831,125509,0,0,0,,-,-,-,-
LAL LAL WIND FARMS NOM CO PTY LIMITED,Lal Lal Wind Farm,F,VIC,1692969,470269,130,2275,2405,0,On,NEM,Wind,-
LAL LAL WIND FARMS NOM CO PTY LIMITED,Corporate Total,C,-,1692969,470269,130,2275,2405,,-,-,-,-
CK WILLIAM AUSTRALIA HOLDINGS PTY LTD,Kalamunda Power Station,F,WA,0,0,0,0,0,0,On,SWIS,Diesel,-
CK WILLIAM AUSTRALIA HOLDINGS PTY LTD,Red Hill LFG Power Station,F,WA,85975,23882,1840,2,1842,0.08,On,SWIS,Landfill Gas,-
CK WILLIAM AUSTRALIA HOLDINGS PTY LTD,Tamala Park LFG Power Station,F,WA,101157,28099,2162,2,2164,0.08,On,SWIS,Landfill Gas,-
CK WILLIAM AUSTRALIA HOLDINGS PTY LTD,Corporate Total,C,-,187132,51981,4002,4,4006,,-,-,-,-
LGI LIMITED,Benaraby LFGE Station,F,QLD,28821,8006,715,3,718,0.09,On,NEM,Landfill Gas,-
LGI LIMITED,Bunya LFGE Station,F,QLD,19164,5323,626,0,626,0.12,On,NEM,Landfill Gas,-
LGI LIMITED,Caboolture LFGE Station,F,QLD,52199,14500,1333,2,1335,0.09,On,NEM,Landfill Gas,-
LGI LIMITED,Dakabin LFGE Station,F,QLD,47368,13158,991,4,995,0.08,On,NEM,Landfill Gas,-
LGI LIMITED,Maryborough LFGE Station,F,QLD,41456,11515,1296,2,1298,0.11,On,NEM,Landfill Gas,-
LGI LIMITED,Mugga Lane LFGE Station,F,ACT,128346,35652,4349,1,4350,0.12,On,NEM,Landfill Gas,-
LGI LIMITED,Willawong LFGE Station,F,QLD,16650,4625,451,3,454,0.1,On,NEM,Landfill Gas,-
LGI LIMITED,Corporate Total,C,-,334004,92779,9761,15,9776,,-,-,-,-
LIGHTHOUSE INFRASTRUCTURE MANAGEMENT LIMITED,Emerald Solar Park,F,QLD,369239,102566,36,1150,1186,0,On,NEM,Solar,-
LIGHTHOUSE INFRASTRUCTURE MANAGEMENT LIMITED,Corporate Total,C,-,369239,102566,36,1150,1186,,-,-,-,-
LILYVALE HOLDINGS CO PTY. LTD.,Lilyvale Solar Farm,F,QLD,606944,168595,57,573,630,0,On,NEM,Solar,-
LILYVALE HOLDINGS CO PTY. LTD.,Corporate Total,C,-,606944,168595,57,573,630,,-,-,-,-
LINCOLN GAP OPERATIONS PTY LTD,Lincoln Gap Wind Farm Operations Pty Ltd,F,SA,2197170,610325,39,4312,4351,0,On,NEM,Wind,-
LINCOLN GAP OPERATIONS PTY LTD,Corporate Total,C,-,2197170,610325,39,4312,4351,,-,-,-,-
LMS ENERGY PTY LTD,Albury Renewable Energy Facility,F,NSW,24350,6764,519,1,520,0.08,On,NEM,Landfill Gas,-
LMS ENERGY PTY LTD,Albury Solar Facility,F,NSW,3538,983,0,0,0,0,Off,Off-grid,Solar,-
LMS ENERGY PTY LTD,Awaba Renewable Energy Facility,F,NSW,12615,3504,265,5,270,0.08,On,NEM,Landfill Gas,-
LMS ENERGY PTY LTD,Ballarat Renewable Energy Facility,F,VIC,40871,11353,872,0,872,0.08,On,NEM,Landfill Gas,-
LMS ENERGY PTY LTD,Bendigo Renewable Energy Facility,F,VIC,15236,4232,303,0,303,0.07,On,NEM,Landfill Gas,-
LMS ENERGY PTY LTD,Caloundra Renewable Energy Facility,F,QLD,24518,6811,487,2,489,0.07,On,NEM,Landfill Gas,-
LMS ENERGY PTY LTD,Copping Renewable Energy Facility,F,TAS,55417,15393,1090,0,1090,0.07,On,NEM,Landfill Gas,-
LMS ENERGY PTY LTD,Darwin Renewable Energy Facility,F,NT,33039,9178,645,3,648,0.07,On,DKIS,Landfill Gas,-
LMS ENERGY PTY LTD,Drysdale Renewable Energy Facility,F,VIC,32773,9103,637,1,638,0.07,On,NEM,Landfill Gas,-
LMS ENERGY PTY LTD,Eastern Creek 2 Renewable Energy Facility,F,NSW,125649,34902,2527,1,2528,0.07,On,NEM,Landfill Gas,-
LMS ENERGY PTY LTD,Glenorchy Renewable Energy Facility,F,TAS,27191,7553,535,0,535,0.07,On,NEM,Gas,-
LMS ENERGY PTY LTD,Hampton Park Renewable Energy Facility,F,VIC,254201,70612,5115,3,5118,0.07,On,NEM,Landfill Gas,-
LMS ENERGY PTY LTD,Henderson Renewable Energy Facility,F,WA,55914,15532,1048,13,1061,0.07,On,SWIS,Landfill Gas,-
LMS ENERGY PTY LTD,Ipswich Renewable Energy Facility,F,QLD,10027,2785,211,2,213,0.08,On,NEM,Landfill Gas,-
LMS ENERGY PTY LTD,Mc Robies Gully Renewable Energy Facility,F,TAS,16865,4685,344,0,344,0.07,On,NEM,Landfill Gas,-
LMS ENERGY PTY LTD,Mornington Peninsula Renewable Energy Facility,F,VIC,14481,4022,308,2,310,0.08,On,NEM,Landfill Gas,-
LMS ENERGY PTY LTD,NAWMA Renewable Energy Facility,F,SA,29095,8082,582,1,583,0.07,On,NEM,Landfill Gas,-
LMS ENERGY PTY LTD,NAWMA Solar Facility,F,SA,4244,1179,0,0,0,0,On,NEM,Solar,-
LMS ENERGY PTY LTD,Newcastle Renewable Energy Facility,F,NSW,89070,24742,1872,0,1872,0.08,On,NEM,Landfill Gas,-
LMS ENERGY PTY LTD,Raymond Terrace Renewable Energy Facility,F,NSW,30869,8575,643,2,645,0.07,On,NEM,Landfill Gas,-
LMS ENERGY PTY LTD,Reedy Creek Renewable Energy Facility,F,QLD,23807,6613,475,9,484,0.07,On,NEM,Landfill Gas,-
LMS ENERGY PTY LTD,Remount Renewable Energy Facility,F,TAS,33094,9193,659,0,659,0.07,On,NEM,Landfill Gas,-
LMS ENERGY PTY LTD,Rochedale Renewable Energy Facility,F,QLD,226633,62954,4977,4,4981,0.08,On,NEM,Landfill Gas,-
LMS ENERGY PTY LTD,Rockingham Renewable Energy Facility,F,WA,28753,7987,646,15,661,0.08,On,SWIS,Landfill Gas,-
LMS ENERGY PTY LTD,Seaford Heights Renewable Energy Facility,F,SA,64315,17865,1370,4,1374,0.08,On,NEM,Landfill Gas,-
LMS ENERGY PTY LTD,Seaford Heights Solar Facility,F,SA,2497,694,0,0,0,0,On,NEM,Solar,-
LMS ENERGY PTY LTD,Shepparton Renewable Energy Facility,F,VIC,20232,5620,418,1,419,0.07,On,NEM,Landfill Gas,-
LMS ENERGY PTY LTD,South Cardup Renewable Energy Facility,F,WA,47952,13320,1067,1,1068,0.08,On,SWIS,Landfill Gas,-
LMS ENERGY PTY LTD,Stapylton Renewable Energy Facility,F,QLD,99336,27593,2147,2,2149,0.08,On,NEM,Landfill Gas,-
LMS ENERGY PTY LTD,Swanbank Renewable Energy Facility,F,QLD,63295,17582,1302,19,1321,0.07,On,NEM,Landfill Gas,-
LMS ENERGY PTY LTD,Wollert Renewable Energy Facility,F,VIC,228329,63425,4594,7,4601,0.07,On,NEM,Landfill Gas,-
LMS ENERGY PTY LTD,Woy Woy Renewable Energy Facility,F,NSW,27932,7759,552,6,558,0.07,On,NEM,Landfill Gas,-
LMS ENERGY PTY LTD,Wyndham Renewable Energy Facility,F,VIC,151086,41968,3081,5,3086,0.07,On,NEM,Landfill Gas,-
LMS ENERGY PTY LTD,Wyong Renewable Energy Facility,F,NSW,55465,15407,1170,2,1172,0.08,On,NEM,Landfill Gas,-
LMS ENERGY PTY LTD,Corporate Total,C,-,1972689,547969,40461,111,40572,,-,-,-,-
LS AUSTRALIA HOLDCO1 PTY LTD,Wellington Solar Farm,F,NSW,1378241,382845,23,1075,1098,0,On,NEM,Solar,-
LS AUSTRALIA HOLDCO1 PTY LTD,Corporate Total,C,-,1378241,382845,23,1075,1098,,-,-,-,-
METKA EGN AUSTRALIA HOLDINGS PTY LTD,Corowa Solar Farm,F,NSW,222367,61769,0,135,135,0,On,NEM,Solar,-
METKA EGN AUSTRALIA HOLDINGS PTY LTD,Junee Solar Farm,F,NSW,208276,57854,0,200,200,0,On,NEM,Solar,-
METKA EGN AUSTRALIA HOLDINGS PTY LTD,Wagga Wagga North Solar Farm,F,NSW,294944,81929,0,269,269,0,On,NEM,Solar,-
METKA EGN AUSTRALIA HOLDINGS PTY LTD,Corporate Total,C,-,725587,201552,0,604,604,,-,-,-,-
METZ HOLDCO PTY LTD,Metz Solar Farm,F,NSW,793954,220543,42,1088,1130,0,On,NEM,Solar,-
METZ HOLDCO PTY LTD,Corporate Total,C,-,793954,220543,42,1088,1130,,-,-,-,-
MOORABOOL WIND FARM (HOLDING) PTY LTD,Moorabool Wind Farm Pty Ltd,F,VIC,1311765,364379,54,706,760,0,On,NEM,Wind,-
MOORABOOL WIND FARM (HOLDING) PTY LTD,Corporate Total,C,-,1311765,364379,54,706,760,,-,-,-,-
MOORABOOL SOUTH WIND FARM (HOLDING) PTY LTD,Moorabool South Wind Farm Pty Ltd,F,VIC,1386474,385132,59,762,821,0,On,NEM,Wind,-
MOORABOOL SOUTH WIND FARM (HOLDING) PTY LTD,Corporate Total,C,-,1386474,385132,59,762,821,,-,-,-,-
MOREE HOLDINGS CO PTY LTD,Moree Solar Farm,F,SA,494164,137268,24,586,610,0,On,NEM,Solar,-
MOREE HOLDINGS CO PTY LTD,Corporate Total,C,-,494164,137268,24,586,610,,-,-,-,-
MOURA SOLAR FARM HOLDINGS PTY LTD,MOURA SOLAR FARM SPV PTY LTD,F,QLD,660443,183456,0,1269,1269,0,On,NEM,Solar,-
MOURA SOLAR FARM HOLDINGS PTY LTD,Corporate Total,C,-,660443,183456,0,1269,1269,,-,-,-,-
MUMBIDA WIND FARM NO 1 HOLDINGS PTY LTD,Mumbida Wind Farm Pty Ltd,F,WA,581978,161661,29,226,255,0,On,SWIS,Wind,-
MUMBIDA WIND FARM NO 1 HOLDINGS PTY LTD,Corporate Total,C,-,581978,161661,29,226,255,,-,-,-,-
MURRA WARRA II PROJECT CO PTY LTD,Murra Warra II Wind Farm,F,VIC,1944428,540119,85,1468,1553,0,On,NEM,Wind,-
MURRA WARRA II PROJECT CO PTY LTD,Corporate Total,C,-,1944428,540119,85,1468,1553,,-,-,-,-
NEOEN AUSTRALIA PTY. LTD.,BULGANA GREEN POWER HUB,F,VIC,1863871,517742,217,5414,5631,0,On,NEM,Wind,-
NEOEN AUSTRALIA PTY. LTD.,COLEAMBALLY SOLAR PTY LTD,F,NSW,1128069,313352,62,1022,1084,0,On,NEM,Solar,-
NEOEN AUSTRALIA PTY. LTD.,DEGRUSSA SOLAR PROJECT PTY LTD,F,WA,61,17,0,4,4,0,Off,Off-grid,Solar,-
NEOEN AUSTRALIA PTY. LTD.,DUBBO SOLAR HUB PTY LTD,F,NSW,208374,57882,8,75,83,0,On,NEM,Solar,-
NEOEN AUSTRALIA PTY. LTD.,GRIFFITH SOLAR FARM PTY LTD,F,NSW,245104,68084,6,86,92,0,On,NEM,Solar,-
NEOEN AUSTRALIA PTY. LTD.,HORNSDALE POWER RESERVE PTY LTD,F,SA,0,0,203,2945,3148,0,On,NEM,Battery,-
NEOEN AUSTRALIA PTY. LTD.,HWF1 Pty Ltd,F,SA,1223268,339797,47,56,103,0,On,NEM,Wind,-
NEOEN AUSTRALIA PTY. LTD.,HWF2 Pty Ltd,F,SA,1141536,317093,47,68,115,0,On,NEM,Wind,-
NEOEN AUSTRALIA PTY. LTD.,HWF3 PTY LTD,F,SA,1191902,331084,48,61,109,0,On,NEM,Wind,-
NEOEN AUSTRALIA PTY. LTD.,KABAN WIND FARM PTY LTD,F,QLD,1541154,428098,59,469,528,0,On,NEM,Wind,-
NEOEN AUSTRALIA PTY. LTD.,NUMURKAH SOLAR FARM PTY LTD,F,VIC,537730,149369,42,927,969,0,On,NEM,Solar,-
NEOEN AUSTRALIA PTY. LTD.,PARKES SOLAR FARM PTY LTD,F,NSW,398392,110664,28,233,261,0,On,NEM,Solar,-
NEOEN AUSTRALIA PTY. LTD.,VICTORIAN BIG BATTERY PTY LTD,F,VIC,0,0,573,19779,20352,0,On,NEM,Battery,-
NEOEN AUSTRALIA PTY. LTD.,WESTERN DOWNS GREEN POWER HUB PTY LTD,F,QLD,2894751,804098,491,2887,3378,0,On,NEM,Solar,-
NEOEN AUSTRALIA PTY. LTD.,Corporate Total,C,-,12374212,3437281,1831,34026,35857,,-,-,-,-
NEWGEN KWINANA HOLDINGS PTY LTD,Kwinana Gas Fired Power Station,F,WA,6804196,1890055,755148,650,755798,0.4,On,SWIS,Gas,-
NEWGEN KWINANA HOLDINGS PTY LTD,Corporate Total,C,-,6804196,1890055,755148,650,755798,,-,-,-,-
NRG VICTORIA I PTY LTD,Gladstone Power Station,F,QLD,23681515,6578199,6492467,46061,6538528,0.99,On,NEM,Black Coal,-
NRG VICTORIA I PTY LTD,Corporate Total,C,-,23681515,6578199,6492467,46061,6538528,,-,-,-,-
OAKEY 1 NEW HOLDCO PTY LTD,Oakey 1 Solar Farm,F,QLD,156158,43377,0,0,0,0,On,NEM,Solar,-
OAKEY 1 NEW HOLDCO PTY LTD,Corporate Total,C,-,156158,43377,0,0,0,,-,-,-,-
OJRP HOLDCO PTY LTD,Dulacca Wind Farm,F,QLD,1912229,531175,203,829,1032,0,On,NEM,Wind,-
OJRP HOLDCO PTY LTD,Corporate Total,C,-,1912229,531175,203,829,1032,,-,-,-,-
ORIGIN ENERGY LIMITED,Ballarat Solar Park,F,VIC,1227,341,0,1,1,0,On,NEM,Solar,-
ORIGIN ENERGY LIMITED,Bendigo Solar Park,F,VIC,1478,410,0,3,3,0,On,NEM,Solar,-
ORIGIN ENERGY LIMITED,Darling Downs Power Station,F,QLD,4814900,1337472,584435,14540,598975,0.44,On,NEM,Gas,-
ORIGIN ENERGY LIMITED,Eraring Power Station,F,NSW,56223522,15617645,13535335,14885,13550220,0.87,On,NEM,Black Coal,-
ORIGIN ENERGY LIMITED,La Trobe,F,VIC,1,0,0,0,0,0,On,NEM,Gas,-
ORIGIN ENERGY LIMITED,Ladbroke Grove Power Station,F,SA,212950,59153,30118,252,30370,0.51,On,NEM,Gas,-
ORIGIN ENERGY LIMITED,Mortlake Power Station,F,VIC,1617544,449318,251299,5975,257274,0.56,On,NEM,Gas,-
ORIGIN ENERGY LIMITED,Mt Stuart Power Station,F,QLD,129382,35940,35233,3761,38994,0.98,On,NEM,Diesel,-
ORIGIN ENERGY LIMITED,Origin Energy Eraring Battery,F,NSW,0,0,616,22,638,0,On,NEM,Battery,-
ORIGIN ENERGY LIMITED,Quarantine Power Station,F,SA,436603,121279,72916,754,73670,0.6,On,NEM,Gas,-
ORIGIN ENERGY LIMITED,Roma Power Station,F,QLD,80579,22383,14958,821,15779,0.67,On,NEM,Gas,-
ORIGIN ENERGY LIMITED,Shoalhaven Scheme,F,NSW,387401,107611,4,85852,85856,0,On,NEM,Hydro,-
ORIGIN ENERGY LIMITED,Uranquinty Power Station,F,NSW,1813396,503721,303987,3922,307909,0.6,On,NEM,Gas,-
ORIGIN ENERGY LIMITED,Corporate Total,C,-,65718983,18255273,14828901,130788,14959689,,-,-,-,-
PALISADE GRANVILLE HARBOUR INVESTMENTS PTY LTD,Granville Harbour Wind Farm,F,TAS,1286049,357236,30,95,125,0,On,NEM,Wind,-
PALISADE GRANVILLE HARBOUR INVESTMENTS PTY LTD,Corporate Total,C,-,1286049,357236,30,95,125,,-,-,-,-
PALISADE WATERLOO HOLDINGS PTY LTD,Waterloo Wind Farm,F,SA,1091353,303154,130,177,307,0,On,NEM,Wind,-
PALISADE WATERLOO HOLDINGS PTY LTD,Corporate Total,C,-,1091353,303154,130,177,307,,-,-,-,-
PARF COMPANY 2 PTY LTD,Rye Park Wind Farm,F,NSW,1618650,449625,102,1771,1873,0,On,NEM,Wind,-
PARF COMPANY 2 PTY LTD,Corporate Total,C,-,1618650,449625,102,1771,1873,,-,-,-,-
PEAK RENEWABLES HOLDINGS PTY LTD,Burrinjuck Hydro,F,NSW,402669,111853,10,14,24,0,On,NEM,Hydro,-
PEAK RENEWABLES HOLDINGS PTY LTD,Hume Hydro,F,NSW,672667,186852,23,110,133,0,On,NEM,Hydro,-
PEAK RENEWABLES HOLDINGS PTY LTD,Keepit Hydro,F,NSW,45530,12647,9,0,9,0,On,NEM,Hydro,-
PEAK RENEWABLES HOLDINGS PTY LTD,Mt Mercer Wind farm Pty Ltd,F,VIC,927519,257644,51,503,554,0,On,NEM,Wind,-
PEAK RENEWABLES HOLDINGS PTY LTD,Mt Millar Wind Farm Pty Ltd,F,SA,517787,143830,36,6,42,0,On,NEM,Wind,-
PEAK RENEWABLES HOLDINGS PTY LTD,Corporate Total,C,-,2566172,712826,129,633,762,,-,-,-,-
INTERNATIONAL POWER (AUSTRALIA) HOLDINGS PTY LIMITED,Pelican Point Power Station,F,SA,6078239,1688400,677090,2844,679934,0.4,On,NEM,Gas,-
INTERNATIONAL POWER (AUSTRALIA) HOLDINGS PTY LIMITED,Corporate Total,C,-,6078239,1688400,677090,2844,679934,,-,-,-,-
RIO TINTO LIMITED,Cape Lambert Power Station,F,WA,649478,180411,108551,0,108551,0.6,On,NWIS,Gas,-
RIO TINTO LIMITED,Paraburdoo Power Station,F,WA,2049108,569197,289565,0,289565,0.51,On,NWIS,Gas,-
RIO TINTO LIMITED,West Angelas Power Station,F,WA,1337041,371400,197559,0,197559,0.53,On,NWIS,Gas,-
RIO TINTO LIMITED,Yurralyi Maya Power Station,F,WA,2540006,705557,410351,0,410351,0.58,On,NWIS,Gas,-
RIO TINTO LIMITED,Corporate Total,C,-,6575633,1826565,1006026,0,1006026,,-,-,-,-
PORT ADELAIDE ENERGY PTY LTD,Snapper Point Power Station,F,SA,138465,38462,26704,615,27319,0.69,On,NEM,Gas,-
PORT ADELAIDE ENERGY PTY LTD,Corporate Total,C,-,138465,38462,26704,615,27319,,-,-,-,-
POWER AND WATER CORPORATION,Alpurrurulam (Lake Nash),F,NT,5906,1641,1222,0,1222,0.74,Off,Off-grid,Diesel,-
POWER AND WATER CORPORATION,Amanbidgi (Kildurk),F,NT,1523,423,390,0,390,0.92,Off,Off-grid,Diesel,-
POWER AND WATER CORPORATION,"Ampilatwatja (Alparra, Ammaroo)",F,NT,16729,4647,2935,0,2935,0.63,Off,Off-grid,Diesel,-
POWER AND WATER CORPORATION,Amunturangu (Mount Liebig),F,NT,3207,891,564,0,564,0.63,Off,Off-grid,Diesel,-
POWER AND WATER CORPORATION,Aputula (Finke),F,NT,4178,1161,717,0,717,0.62,Off,Off-grid,Diesel,-
POWER AND WATER CORPORATION,Areyonga (Utju),F,NT,3529,980,601,0,601,0.61,Off,Off-grid,Diesel,-
POWER AND WATER CORPORATION,Atitjere (Harts Range),F,NT,3556,988,590,0,590,0.6,Off,Off-grid,Diesel,-
POWER AND WATER CORPORATION,Borroloola Generation,F,NT,23734,6593,4229,0,4229,0.64,Off,Off-grid,Diesel,-
POWER AND WATER CORPORATION,Bulla Camp,F,NT,1123,312,300,0,300,0.96,Off,Off-grid,Diesel,-
POWER AND WATER CORPORATION,Bulman,F,NT,5054,1404,964,0,964,0.69,Off,Off-grid,Diesel,-
POWER AND WATER CORPORATION,Daly Waters Generation,F,NT,6248,1736,1300,0,1300,0.75,Off,Off-grid,Diesel,-
POWER AND WATER CORPORATION,Elliot Generation,F,NT,11798,3277,2345,0,2345,0.72,Off,Off-grid,Gas,-
POWER AND WATER CORPORATION,Engawala (Alcoota),F,NT,2320,644,477,0,477,0.74,Off,Off-grid,Diesel,-
POWER AND WATER CORPORATION,Epenarra (Wutunugurra),F,NT,3042,845,705,0,705,0.83,Off,Off-grid,Diesel,-
POWER AND WATER CORPORATION,Eva Valley,F,NT,1220,339,287,0,287,0.85,Off,Off-grid,Diesel,-
POWER AND WATER CORPORATION,Galiwinku (Elcho Island),F,NT,32719,9089,5873,0,5873,0.65,Off,Off-grid,Diesel,-
POWER AND WATER CORPORATION,Gapuwiyak (Lake Evella),F,NT,13952,3876,2413,0,2413,0.62,Off,Off-grid,Diesel,-
POWER AND WATER CORPORATION,Gunbalanya (Oenpelli),F,NT,20993,5831,3691,0,3691,0.63,Off,Off-grid,Diesel,-
POWER AND WATER CORPORATION,Ikuntji (Haasts Bluff),F,NT,2403,668,560,0,560,0.84,Off,Off-grid,Diesel,-
POWER AND WATER CORPORATION,Imangara (Murray Downs),F,NT,1154,321,279,0,279,0.87,Off,Off-grid,Diesel,-
POWER AND WATER CORPORATION,Imanpa (Mount Ebenezer),F,NT,2287,635,458,0,458,0.72,Off,Off-grid,Diesel,-
POWER AND WATER CORPORATION,Kalkaringi (Wave Hill),F,NT,10114,2809,1970,0,1970,0.7,Off,Off-grid,Diesel,-
POWER AND WATER CORPORATION,Kaltukatjara (Docker River),F,NT,5866,1629,955,0,955,0.59,Off,Off-grid,Diesel,-
POWER AND WATER CORPORATION,Lajamanu (Hooker Creek),F,NT,12302,3417,1982,0,1982,0.58,Off,Off-grid,Diesel,-
POWER AND WATER CORPORATION,Laramba (Napperby),F,NT,3905,1085,758,0,758,0.7,Off,Off-grid,Diesel,-
POWER AND WATER CORPORATION,Maningrida,F,NT,38924,10812,6560,0,6560,0.61,Off,Off-grid,Diesel,-
POWER AND WATER CORPORATION,Milikapiti (Snake Bay),F,NT,9648,2680,2071,0,2071,0.77,Off,Off-grid,Diesel,-
POWER AND WATER CORPORATION,Milingimbi,F,NT,14619,4061,2568,0,2568,0.63,Off,Off-grid,Diesel,-
POWER AND WATER CORPORATION,Milyakburra (Bickerton Island),F,NT,3241,900,562,0,562,0.62,Off,Off-grid,Diesel,-
POWER AND WATER CORPORATION,Minjilang (Croker Island),F,NT,5086,1413,905,0,905,0.64,Off,Off-grid,Diesel,-
POWER AND WATER CORPORATION,Minyerri (Hodgson Downs),F,NT,8795,2443,1500,0,1500,0.61,Off,Off-grid,Diesel,-
POWER AND WATER CORPORATION,Nauiyu Nambiyu (Daly River),F,NT,12182,3384,1308,0,1308,0.39,Off,Off-grid,Diesel,-
POWER AND WATER CORPORATION,Nguiu (Bathurst Island),F,NT,27895,7749,4740,0,4740,0.61,Off,Off-grid,Diesel,-
POWER AND WATER CORPORATION,Ngukurr (Roper River),F,NT,20912,5809,3842,0,3842,0.66,Off,Off-grid,Diesel,-
POWER AND WATER CORPORATION,Numbulwar (Rose River),F,NT,11160,3100,2200,0,2200,0.71,Off,Off-grid,Diesel,-
POWER AND WATER CORPORATION,Nyirripi (Waite Creek),F,NT,3892,1081,616,0,616,0.57,Off,Off-grid,Diesel,-
POWER AND WATER CORPORATION,Orwaitilla (Canteen Creek),F,NT,2879,800,587,0,587,0.73,Off,Off-grid,Diesel,-
POWER AND WATER CORPORATION,Palumpa,F,NT,6352,1764,1263,0,1263,0.72,Off,Off-grid,Diesel,-
POWER AND WATER CORPORATION,Papunya,F,NT,7304,2029,1451,0,1451,0.72,Off,Off-grid,Diesel,-
POWER AND WATER CORPORATION,Peppimenarti,F,NT,4574,1270,929,0,929,0.73,Off,Off-grid,Diesel,-
POWER AND WATER CORPORATION,Pidgeon Hole,F,NT,2222,617,489,0,489,0.79,Off,Off-grid,Diesel,-
POWER AND WATER CORPORATION,Pirlangimpi (Garden Point),F,NT,8504,2362,1836,0,1836,0.78,Off,Off-grid,Diesel,-
POWER AND WATER CORPORATION,Ramingining,F,NT,17284,4801,3007,0,3007,0.63,Off,Off-grid,Diesel,-
POWER AND WATER CORPORATION,Robinson River,F,NT,4079,1133,830,0,830,0.73,Off,Off-grid,Diesel,-
POWER AND WATER CORPORATION,Tara (Neutral Junction),F,NT,1147,319,274,0,274,0.86,Off,Off-grid,Diesel,-
POWER AND WATER CORPORATION,Ti Tree Generation,F,NT,8991,2498,1816,0,1816,0.73,Off,Off-grid,Diesel,-
POWER AND WATER CORPORATION,Timber Creek,F,NT,9651,2681,1801,0,1801,0.67,Off,Off-grid,Diesel,-
POWER AND WATER CORPORATION,Titjikala (Maryvale),F,NT,3489,969,240,0,240,0.25,Off,Off-grid,Diesel,-
POWER AND WATER CORPORATION,Umbakumba,F,NT,11380,3161,2311,0,2311,0.73,Off,Off-grid,Diesel,-
POWER AND WATER CORPORATION,Wadeye (Port Keats),F,NT,36353,10098,6721,0,6721,0.67,Off,Off-grid,Gas,-
POWER AND WATER CORPORATION,Walungurru (Kintore),F,NT,7320,2033,1212,0,1212,0.6,Off,Off-grid,Diesel,-
POWER AND WATER CORPORATION,Warruwi (Goulburn Is),F,NT,7810,2169,1372,0,1372,0.63,Off,Off-grid,Diesel,-
POWER AND WATER CORPORATION,Wilora (Stirling),F,NT,1169,325,260,0,260,0.8,Off,Off-grid,Diesel,-
POWER AND WATER CORPORATION,Wirliyatjarrayi (Willowra),F,NT,3872,1076,776,0,776,0.72,Off,Off-grid,Diesel,-
POWER AND WATER CORPORATION,Yarralin,F,NT,5778,1605,1118,0,1118,0.7,Off,Off-grid,Diesel,-
POWER AND WATER CORPORATION,Yuendumu,F,NT,18125,5035,3095,0,3095,0.61,Off,Off-grid,Diesel,-
POWER AND WATER CORPORATION,Corporate Total,C,-,523499,145416,94825,0,94825,,-,-,-,-
POWER GENERATION CORPORATION,Channel Island Power Station,F,NT,2664641,740178,462116,0,462116,0.62,On,DKIS,Gas,-
POWER GENERATION CORPORATION,Katherine Power Station,F,NT,153993,42776,29557,0,29557,0.69,On,DKIS,Gas,-
POWER GENERATION CORPORATION,Kings Canyon,F,NT,7117,1977,1396,0,1396,0.71,Off,Off-grid,Diesel,-
POWER GENERATION CORPORATION,Owen Springs Power Station,F,NT,534233,148398,79455,0,79455,0.54,Off,Off-grid,Gas,-
POWER GENERATION CORPORATION,Ron Goodin Power Station,F,NT,153212,42559,31811,0,31811,0.75,Off,Off-grid,Gas,-
POWER GENERATION CORPORATION,Tennant Creek Power Station,F,NT,105527,29313,22243,0,22243,0.76,Off,Off-grid,Gas,-
POWER GENERATION CORPORATION,Weddell Power Station,F,NT,1737593,482665,268884,0,268884,0.56,On,DKIS,Gas,-
POWER GENERATION CORPORATION,Yulara Power Station,F,NT,70047,19458,14580,0,14580,0.75,Off,Off-grid,Gas,-
POWER GENERATION CORPORATION,Corporate Total,C,-,5426363,1507324,910042,0,910042,,-,-,-,-
PRATT CONSOLIDATED HOLDINGS PTY. LTD.,Visy Energy - Coolaroo Co-gen,F,VIC,73300,20361,22795,8612,31407,1.12,On,NEM,Biofuel,-
PRATT CONSOLIDATED HOLDINGS PTY. LTD.,Corporate Total,C,-,73300,20361,22795,8612,31407,,-,-,-,-
PRIME RENEWABLES PTY LTD,Chepstowe Wind Farm,F,ACT,55064,15296,0,11,11,0,On,NEM,Wind,-
PRIME RENEWABLES PTY LTD,Diapur Wind Farm,F,ACT,126998,35277,0,23,23,0,On,NEM,Wind,-
PRIME RENEWABLES PTY LTD,Ferguson Wind Farm,F,ACT,146225,40618,0,52,52,0,On,NEM,Wind,-
PRIME RENEWABLES PTY LTD,Maroona Wind Farm,F,VIC,81175,22549,0,24,24,0,On,NEM,Wind,-
PRIME RENEWABLES PTY LTD,Mortons Lane Wind Farm,F,ACT,191778,53272,0,49,49,0,On,NEM,Wind,-
PRIME RENEWABLES PTY LTD,Corporate Total,C,-,601240,167011,0,159,159,,-,-,-,-
QGC UPSTREAM INVESTMENTS PTY LTD,Condamine Power Station,F,QLD,346146,96152,52667,4905,57572,0.55,On,NEM,Gas,-
QGC UPSTREAM INVESTMENTS PTY LTD,Corporate Total,C,-,346146,96152,52667,4905,57572,,-,-,-,-
QGIF SWAN HOLDCO PTY LTD,Blue Rock,F,VIC,37681,10467,0,0,0,0,On,NEM,Hydro,-
QGIF SWAN HOLDCO PTY LTD,Cardinia,F,VIC,16042,4456,0,0,0,0,On,NEM,Hydro,-
QGIF SWAN HOLDCO PTY LTD,Cue Hub,F,WA,0,0,0,29,29,0,Off,Off-grid,Battery,-
QGIF SWAN HOLDCO PTY LTD,Cue Town Power Station,F,WA,12308,3419,2352,0,2352,0.69,Off,Off-grid,Diesel,-
QGIF SWAN HOLDCO PTY LTD,Esperance Town Power Station,F,WA,307915,85532,28588,7,28595,0.33,Off,Off-grid,Gas,-
QGIF SWAN HOLDCO PTY LTD,Meekatharra Solar Farm,F,WA,1917,533,0,0,0,0,Off,Off-grid,Solar,-
QGIF SWAN HOLDCO PTY LTD,Meekatharra Town Power Station,F,WA,23110,6419,4165,0,4165,0.65,Off,Off-grid,Diesel,-
QGIF SWAN HOLDCO PTY LTD,Mt Magnet Town Power Station,F,WA,15901,4417,2643,3,2646,0.6,Off,Off-grid,Gas,-
QGIF SWAN HOLDCO PTY LTD,Norseman Power Station,F,WA,17674,4910,3182,0,3182,0.65,Off,Off-grid,Diesel,-
QGIF SWAN HOLDCO PTY LTD,Nova Power Station,F,VIC,4226,1174,3389,384,3773,2.89,On,NEM,Gas,-
QGIF SWAN HOLDCO PTY LTD,Sandstone Town Power Station,F,WA,2872,798,525,0,525,0.66,Off,Off-grid,Diesel,-
QGIF SWAN HOLDCO PTY LTD,Wiluna Town Power Station,F,WA,8578,2383,1423,0,1423,0.6,Off,Off-grid,Diesel,-
QGIF SWAN HOLDCO PTY LTD,Yalgoo Town Power Station,F,WA,3741,1039,683,0,683,0.66,Off,Off-grid,Diesel,-
QGIF SWAN HOLDCO PTY LTD,Corporate Total,C,-,451965,125546,46950,423,47373,,-,-,-,-
QS MAPS HOLDINGS NO. 3 PTY LTD,MSF,F,SA,40102,11139,0,7,7,0,On,NEM,Solar,-
QS MAPS HOLDINGS NO. 3 PTY LTD,PAP1,F,SA,5870,1631,0,169,169,0,Off,Off-grid,Solar,-
QS MAPS HOLDINGS NO. 3 PTY LTD,TWWF,F,VIC,89093,24748,0,26,26,0,On,NEM,Wind,-
QS MAPS HOLDINGS NO. 3 PTY LTD,YWF,F,VIC,109192,30331,0,27,27,0,On,NEM,Wind,-
QS MAPS HOLDINGS NO. 3 PTY LTD,Corporate Total,C,-,244257,67849,0,229,229,,-,-,-,-
RATCH - AUSTRALIA CORPORATION PTY LTD,Collector Wind Farm,F,NSW,1695774,471048,30,1840,1870,0,On,NEM,Wind,-
RATCH - AUSTRALIA CORPORATION PTY LTD,Kemerton Power Station,F,WA,1632858,453572,221593,1681,223274,0.49,On,SWIS,Gas,-
RATCH - AUSTRALIA CORPORATION PTY LTD,Mount Emerald Wind Farm,F,QLD,1919075,533076,33,935,968,0,On,NEM,Wind,-
RATCH - AUSTRALIA CORPORATION PTY LTD,Ratch-Australia Collinsville Solar PV,F,QLD,307740,85483,40,151,191,0,On,NEM,Solar,-
RATCH - AUSTRALIA CORPORATION PTY LTD,Starfish Hill Wind Farm,F,SA,264220,73395,33,109,142,0,On,NEM,Wind,-
RATCH - AUSTRALIA CORPORATION PTY LTD,Toora Wind Farm,F,VIC,182644,50734,28,211,239,0,On,NEM,Wind,-
RATCH - AUSTRALIA CORPORATION PTY LTD,Townsville Power Station,F,QLD,770677,214077,118036,2303,120339,0.55,On,NEM,Coal Seam Methane,-
RATCH - AUSTRALIA CORPORATION PTY LTD,Windy Hill Wind Farm,F,QLD,78531,21814,19,19,38,0,On,NEM,Wind,-
RATCH - AUSTRALIA CORPORATION PTY LTD,Corporate Total,C,-,6851519,1903200,339812,7249,347061,,-,-,-,-
REGIONAL POWER CORPORATION,Blackstone Power Station & Distribution Network,F,WA,2872,798,816,0,816,1.02,Off,Off-grid,Diesel,-
REGIONAL POWER CORPORATION,Burringurrah Power Station & Distribution Network,F,WA,2714,754,562,0,562,0.75,Off,Off-grid,Diesel,-
REGIONAL POWER CORPORATION,Carnarvon Power Station & Distribution network,F,WA,149751,41597,24746,57,24803,0.59,Off,Off-grid,Gas,-
REGIONAL POWER CORPORATION,Cosmo Newberry Power Station & Distribution Network,F,WA,1481,412,332,0,332,0.81,Off,Off-grid,Diesel,-
REGIONAL POWER CORPORATION,Denham Power Station & Denham Distribution network,F,WA,22441,6234,2722,0,2722,0.44,Off,Off-grid,Diesel,-
REGIONAL POWER CORPORATION,Gascoyne Junction Power Station & Distribution network,F,WA,2741,761,588,0,588,0.77,Off,Off-grid,Diesel,-
REGIONAL POWER CORPORATION,Jameson Power Station & Distribution Network,F,WA,3086,857,707,0,707,0.82,Off,Off-grid,Diesel,-
REGIONAL POWER CORPORATION,Jarlmadangah Power Station & Distribution Network,F,WA,1455,404,369,0,369,0.91,Off,Off-grid,Diesel,-
REGIONAL POWER CORPORATION,Jigalong Power Station & Distribution Network,F,WA,8376,2327,1531,0,1531,0.66,Off,Off-grid,Diesel,-
REGIONAL POWER CORPORATION,Kalumburu Power Station & Distribution network,F,WA,8802,2445,1021,0,1021,0.42,Off,Off-grid,Diesel,-
REGIONAL POWER CORPORATION,Karratha Temporary Generation Power Station,F,WA,357,99,159,0,159,1.6,On,NWIS,Diesel,-
REGIONAL POWER CORPORATION,Kiwirrkurra Power Station & Distribution Network,F,WA,1979,550,755,0,755,1.37,Off,Off-grid,Diesel,-
REGIONAL POWER CORPORATION,Kunawarritji Power Station & Distribution Network,F,WA,1814,504,451,0,451,0.89,Off,Off-grid,Diesel,-
REGIONAL POWER CORPORATION,Kununurra Power Station & Kununurra Distribution network,F,WA,359,100,208,0,208,2.09,Off,Off-grid,Diesel,-
REGIONAL POWER CORPORATION,Kupungarri Power Station & Distribution Network,F,WA,2533,704,553,0,553,0.79,Off,Off-grid,Diesel,-
REGIONAL POWER CORPORATION,Laverton Power Station & Distribution Network,F,WA,15778,4383,3115,0,3115,0.71,Off,Off-grid,Diesel,-
REGIONAL POWER CORPORATION,Marble Bar Power Station & Marble Bar Distribution network,F,WA,7971,2214,1176,0,1176,0.53,Off,Off-grid,Diesel,-
REGIONAL POWER CORPORATION,Menzies Power Station & Distribution Network,F,WA,2705,751,590,0,590,0.79,Off,Off-grid,Diesel,-
REGIONAL POWER CORPORATION,Mindibungu Power Station & Distribution Network,F,WA,3526,979,791,0,791,0.81,Off,Off-grid,Diesel,-
REGIONAL POWER CORPORATION,Mount Margaret Power Station & Distribution Network,F,WA,1091,303,255,0,255,0.84,Off,Off-grid,Diesel,-
REGIONAL POWER CORPORATION,Mulan Power Station & Distribution Network,F,WA,2592,720,562,0,562,0.78,Off,Off-grid,Diesel,-
REGIONAL POWER CORPORATION,Muludja Power Station & Distribution Network,F,WA,2724,757,577,0,577,0.76,Off,Off-grid,Diesel,-
REGIONAL POWER CORPORATION,Murchison Radio Astronomy Power Station and Distribution Network,F,WA,12205,3390,2356,0,2356,0.69,Off,Off-grid,Diesel,-
REGIONAL POWER CORPORATION,Nullagine Power Station & Nullagine Distribution network,F,WA,4430,1231,698,0,698,0.57,Off,Off-grid,Diesel,-
REGIONAL POWER CORPORATION,Onslow Power Station & Onslow Distribution Network,F,WA,76903,21362,10687,0,10687,0.5,Off,Off-grid,Gas,-
REGIONAL POWER CORPORATION,Pandanus Park Power Station & Distribution Network,F,WA,1474,409,363,0,363,0.89,Off,Off-grid,Diesel,-
REGIONAL POWER CORPORATION,Parnngurr Power Station & Distribution Network,F,WA,3047,846,465,0,465,0.55,Off,Off-grid,Diesel,-
REGIONAL POWER CORPORATION,Punmu Power Station & Distribution Network,F,WA,3420,950,801,0,801,0.84,Off,Off-grid,Diesel,-
REGIONAL POWER CORPORATION,Ringer Soak Power Station & Distribution Network,F,WA,3378,938,638,0,638,0.68,Off,Off-grid,Diesel,-
REGIONAL POWER CORPORATION,Tjuntjuntjara Power Station & Distribution Network,F,WA,3029,841,710,0,710,0.84,Off,Off-grid,Diesel,-
REGIONAL POWER CORPORATION,Wakathuni Power Station & Distribution Network,F,WA,1978,550,403,0,403,0.73,Off,Off-grid,Diesel,-
REGIONAL POWER CORPORATION,Wanarn Power Station & Distribution Network,F,WA,3130,869,742,0,742,0.85,Off,Off-grid,Diesel,-
REGIONAL POWER CORPORATION,Wangkatjungka Power Station & Distribution Network,F,WA,4216,1171,871,0,871,0.74,Off,Off-grid,Diesel,-
REGIONAL POWER CORPORATION,Warakurna Power Station & Distribution Network,F,WA,6506,1807,1425,0,1425,0.79,Off,Off-grid,Diesel,-
REGIONAL POWER CORPORATION,Warburton Power Station & Distribution Network,F,WA,14662,4073,2754,0,2754,0.68,Off,Off-grid,Diesel,-
REGIONAL POWER CORPORATION,Warralong Power Station & Distribution Network,F,WA,2387,663,774,0,774,1.17,Off,Off-grid,Diesel,-
REGIONAL POWER CORPORATION,Wingellina (Irrunytju) Power Station & Distribution Network,F,WA,3195,888,641,0,641,0.72,Off,Off-grid,Diesel,-
REGIONAL POWER CORPORATION,Wirrimanu Power Station & Distribution Network,F,WA,10507,2919,2151,0,2151,0.74,Off,Off-grid,Diesel,-
REGIONAL POWER CORPORATION,Woolah Power Station & Distribution Network,F,WA,2283,634,453,0,453,0.71,Off,Off-grid,Diesel,-
REGIONAL POWER CORPORATION,Wurreranginy Power Station & Distribution Network,F,WA,925,257,256,0,256,1,Off,Off-grid,Diesel,-
REGIONAL POWER CORPORATION,Wyndham Power Station & Distribution network,F,WA,247,69,43,0,43,0.63,Off,Off-grid,Diesel,-
REGIONAL POWER CORPORATION,Yakanarra Power Station & Distribution Network,F,WA,2436,677,550,0,550,0.81,Off,Off-grid,Diesel,-
REGIONAL POWER CORPORATION,Yandeyarra Power Station & Distribution Network,F,WA,5197,1443,923,0,923,0.64,Off,Off-grid,Diesel,-
REGIONAL POWER CORPORATION,Yiyili Power Station & Distribution Network,F,WA,3052,848,642,0,642,0.76,Off,Off-grid,Diesel,-
REGIONAL POWER CORPORATION,Yungngora Power Station & Yungngora Distribution Network,F,WA,7649,2125,1295,0,1295,0.61,Off,Off-grid,Diesel,-
REGIONAL POWER CORPORATION,Corporate Total,C,-,423404,117613,73227,57,73284,,-,-,-,-
CK WILLIAM AUSTRALIA HOLDINGS PTY LTD,Wonthaggi Wind Farm,F,VIC,88415,24560,4,36,40,0,On,NEM,Wind,-
CK WILLIAM AUSTRALIA HOLDINGS PTY LTD,Corporate Total,C,-,88415,24560,4,36,40,,-,-,-,-
RISEN ENERGY AUSTRALIA HOLDINGS PTY LTD,Yarranlea Solar Farm,F,QLD,734764,204101,26,0,26,0,On,NEM,Solar,-
RISEN ENERGY AUSTRALIA HOLDINGS PTY LTD,Corporate Total,C,-,734764,204101,26,0,26,,-,-,-,-
RWE RENEWABLES AUSTRALIA PTY LTD,Limondale Solar Farm,F,NSW,1924694,534637,119,2256,2375,0,On,NEM,Solar,-
RWE RENEWABLES AUSTRALIA PTY LTD,Corporate Total,C,-,1924694,534637,119,2256,2375,,-,-,-,-
SALT CREEK WIND FARM PTY LTD,Salt Creek Wind Farm,F,VIC,421517,117088,54,518,572,0,On,NEM,Wind,-
SALT CREEK WIND FARM PTY LTD,Corporate Total,C,-,421517,117088,54,518,572,,-,-,-,-
SANTOS LIMITED,Wilga Park Power Station,F,NSW,534873,148576,83961,1,83962,0.57,On,NEM,Coal Seam Methane,-
SANTOS LIMITED,Corporate Total,C,-,534873,148576,83961,1,83962,,-,-,-,-
SEBASTOPOL HOLDINGS CO PTY LTD,Sebastopol Solar Farm,F,NSW,649033,180287,17,0,17,0,On,NEM,Solar,-
SEBASTOPOL HOLDINGS CO PTY LTD,Corporate Total,C,-,649033,180287,17,0,17,,-,-,-,-
SENTIENT IMPACT GROUP PTY LTD,Baking Board Solar Farm,F,QLD,132388,36774,17,64,81,0,On,NEM,Solar,-
SENTIENT IMPACT GROUP PTY LTD,Karratha Solar Farm,F,WA,3058,850,0,2,2,0,On,NEM,Solar,-
SENTIENT IMPACT GROUP PTY LTD,Maryrorough Solar Farm,F,QLD,222585,61829,17,90,107,0,On,NEM,Solar,-
SENTIENT IMPACT GROUP PTY LTD,Mount Majura Solar Farm,F,ACT,6686,1857,0,0,0,0,On,NEM,Solar,-
SENTIENT IMPACT GROUP PTY LTD,Swan Hill Solar Farm,F,VIC,100197,27833,2,54,56,0,On,NEM,Solar,-
SENTIENT IMPACT GROUP PTY LTD,Williamsdale Solar Farm,F,ACT,30428,8452,2,21,23,0,On,NEM,Solar,-
SENTIENT IMPACT GROUP PTY LTD,Corporate Total,C,-,495342,137595,38,231,269,,-,-,-,-
SEV.EN GLOBAL INVESTMENTS PTY LTD,Vales Point Power Station,F,NSW,26137136,7260315,7043816,68147,7111963,0.97,On,NEM,Black Coal,-
SEV.EN GLOBAL INVESTMENTS PTY LTD,Corporate Total,C,-,26137136,7260315,7043816,68147,7111963,,-,-,-,-
SHELL ENERGY HOLDINGS AUSTRALIA LIMITED,Gangarri Solar Farm,F,QLD,711597,197666,86,633,719,0,On,NEM,Solar,-
SHELL ENERGY HOLDINGS AUSTRALIA LIMITED,Newgen Neerabup Power Station,F,WA,667342,185373,115984,2510,118494,0.63,On,SWIS,Gas,-
SHELL ENERGY HOLDINGS AUSTRALIA LIMITED,Oakey Power Station,F,QLD,281961,78323,53337,2031,55368,0.68,On,NEM,Gas,-
SHELL ENERGY HOLDINGS AUSTRALIA LIMITED,Corporate Total,C,-,1660900,461361,169407,5174,174581,,-,-,-,-
SHENHUA CLEAN ENERGY HOLDINGS PTY LIMITED,Musselroe Wind Farm Pty LTd,F,TAS,1986882,551912,185,135,320,0,On,NEM,Wind,-
SHENHUA CLEAN ENERGY HOLDINGS PTY LIMITED,Woolnorth Bluff Point Wind Farm Pty Ltd,F,TAS,751102,208639,87,25,112,0,On,NEM,Wind,-
SHENHUA CLEAN ENERGY HOLDINGS PTY LIMITED,Woolnorth Studland Bay Wind Farm Pty Ltd,F,TAS,832996,231388,77,27,104,0,On,NEM,Wind,-
SHENHUA CLEAN ENERGY HOLDINGS PTY LIMITED,Corporate Total,C,-,3570980,991939,349,187,536,,-,-,-,-
SNOWTOWN WIND FARM PTY LTD,Snowtown Wind Farm,F,SA,1098991,305275,103,197,300,0,On,NEM,Wind,-
SNOWTOWN WIND FARM PTY LTD,Corporate Total,C,-,1098991,305275,103,197,300,,-,-,-,-
SNOWY HYDRO LIMITED,Angaston Power Station,F,SA,6879,1911,1325,284,1609,0.69,On,NEM,Diesel,-
SNOWY HYDRO LIMITED,Colongra Power Station,F,NSW,378866,105241,63830,4987,68817,0.61,On,NEM,Gas,-
SNOWY HYDRO LIMITED,HEZ Power Station,F,NSW,2325,646,455,577,1032,0.7,On,NEM,Gas,-
SNOWY HYDRO LIMITED,Laverton North Power Station,F,VIC,420244,116734,72327,2497,74824,0.62,On,NEM,Gas,-
SNOWY HYDRO LIMITED,Lonsdale/Port Stanvac Power Station,F,SA,19049,5291,3558,466,4024,0.67,On,NEM,Diesel,-
SNOWY HYDRO LIMITED,Snowy Hydro Ltd,F,NSW,15455272,4293131,1626,389553,391179,0,On,NEM,Hydro,-
SNOWY HYDRO LIMITED,Valley Power,F,VIC,82166,22824,17317,1954,19271,0.76,On,NEM,Gas,-
SNOWY HYDRO LIMITED,Corporate Total,C,-,16364801,4545778,160438,400318,560756,,-,-,-,-
SPIC PACIFIC ENERGY PTY LTD,Challicum Hills Wind Farm,F,VIC,455510,126531,93,139,232,0,On,NEM,Wind,-
SPIC PACIFIC ENERGY PTY LTD,Clements Gap Wind Farm,F,SA,627929,174425,64,115,179,0,On,NEM,Wind,-
SPIC PACIFIC ENERGY PTY LTD,Codrington Wind Farm,F,VIC,149355,41487,50,64,114,0,On,NEM,Wind,-
SPIC PACIFIC ENERGY PTY LTD,Crowlands Wind Farm,F,VIC,866301,240639,72,335,407,0,On,NEM,Wind,-
SPIC PACIFIC ENERGY PTY LTD,Dromana Battery Energy Storage System,F,VIC,0,0,4,62,66,0,On,NEM,Battery,-
SPIC PACIFIC ENERGY PTY LTD,Eildon Pondage Hydro,F,VIC,36249,10069,6,0,6,0,On,NEM,Hydro,-
SPIC PACIFIC ENERGY PTY LTD,Glenmaggie Hydro,F,VIC,25641,7122,8,0,8,0,On,NEM,Hydro,-
SPIC PACIFIC ENERGY PTY LTD,Haughton Solar Farm,F,QLD,766378,212883,97,1811,1908,0,On,NEM,Solar,-
SPIC PACIFIC ENERGY PTY LTD,Ord Hydro,F,WA,260380,72328,42,29,71,0,Off,Off-grid,Hydro,-
SPIC PACIFIC ENERGY PTY LTD,Portland Wind Farms,F,VIC,1610100,447250,194,280,474,0,On,NEM,Wind,-
SPIC PACIFIC ENERGY PTY LTD,Taralga Wind Farm,F,NSW,932693,259082,123,288,411,0,On,NEM,Wind,-
SPIC PACIFIC ENERGY PTY LTD,The Drop Hydro,F,NSW,18810,5225,3,0,3,0,On,NEM,Hydro,-
SPIC PACIFIC ENERGY PTY LTD,William Hovell Hydro,F,VIC,19907,5530,7,0,7,0,On,NEM,Hydro,-
SPIC PACIFIC ENERGY PTY LTD,Yaloak South Wind Farm,F,VIC,227410,63169,43,75,118,0,On,NEM,Wind,-
SPIC PACIFIC ENERGY PTY LTD,Yambuk Wind Farm,F,VIC,306458,85127,54,186,240,0,On,NEM,Wind,-
SPIC PACIFIC ENERGY PTY LTD,Corporate Total,C,-,6303121,1750866,860,3384,4244,,-,-,-,-
SQUADRON WIND ENERGY ASSETS PTY LTD,Bango Wind Farm,F,NSW,1948269,541186,88,1568,1656,0,On,NEM,Wind,-
SQUADRON WIND ENERGY ASSETS PTY LTD,Boco Rock Wind Farm,F,NSW,1035630,287675,30,902,932,0,On,NEM,Wind,-
SQUADRON WIND ENERGY ASSETS PTY LTD,Clarke Creek Wind Farm,F,QLD,5552,1542,13214,0,13214,8.57,On,NEM,Wind,-
SQUADRON WIND ENERGY ASSETS PTY LTD,Crudine Ridge Wind Farm,F,NSW,1134236,315065,84,408,492,0,On,NEM,Wind,-
SQUADRON WIND ENERGY ASSETS PTY LTD,Murra Warra 1 Wind Farm,F,VIC,1755072,487520,154,638,792,0,On,NEM,Wind,-
SQUADRON WIND ENERGY ASSETS PTY LTD,Sapphire Wind Farm,F,NSW,2562656,711849,174,2010,2184,0,On,NEM,Wind,-
SQUADRON WIND ENERGY ASSETS PTY LTD,Corporate Total,C,-,8441415,2344837,13744,5526,19270,,-,-,-,-
SRV AGWF PTY LTD,Albany Windfarm,F,WA,304492,84581,22,30,52,0,On,SWIS,Wind,-
SRV AGWF PTY LTD,Corporate Total,C,-,304492,84581,22,30,52,,-,-,-,-
THE TRUSTEE FOR GRSF TRUST,Greenough River Solar Farm,F,WA,313600,87111,7,159,166,0,On,SWIS,Solar,-
THE TRUSTEE FOR GRSF TRUST,Corporate Total,C,-,313600,87111,7,159,166,,-,-,-,-
STANWELL CORPORATION LIMITED,Stanwell Power Station,F,QLD,28988685,8052413,6975068,7136,6982204,0.87,On,NEM,Black Coal,-
STANWELL CORPORATION LIMITED,Tarong Power Stations,F,QLD,45212084,12558912,10890624,45397,10936021,0.87,On,NEM,Black Coal,-
STANWELL CORPORATION LIMITED,Corporate Total,C,-,74200769,20611325,17865692,52533,17918225,,-,-,-,-
STOCKYARD HILL WIND FARM (HOLDING) PTY LTD,Stockyard Wind Farm,F,VIC,5658781,1571883,105,3940,4045,0,On,NEM,Wind,-
STOCKYARD HILL WIND FARM (HOLDING) PTY LTD,Corporate Total,C,-,5658781,1571883,105,3940,4045,,-,-,-,-
STONE HOLDCO PTY LTD,Bomen Solar Farm Pty Ltd,F,NSW,629536,174871,18,570,588,0,On,NEM,Solar,-
STONE HOLDCO PTY LTD,Corporate Total,C,-,629536,174871,18,570,588,,-,-,-,-
SUN AUSTRALIA HOLDINGS PTY LTD,Merredin Solar Farm,F,WA,882797,245221,34,419,453,0,On,SWIS,Solar,-
SUN AUSTRALIA HOLDINGS PTY LTD,Corporate Total,C,-,882797,245221,34,419,453,,-,-,-,-
SUNRAYSIA SOLAR FARM HOLDINGS PTY LTD,Sunraysia Solar Farm,F,NSW,1541563,428212,58,3374,3432,0,On,NEM,Solar,-
SUNRAYSIA SOLAR FARM HOLDINGS PTY LTD,Corporate Total,C,-,1541563,428212,58,3374,3432,,-,-,-,-
INTERNATIONAL POWER (AUSTRALIA) HOLDINGS PTY LIMITED,Dry Creek Power Station,F,SA,51140,14206,12596,214,12810,0.89,On,NEM,Gas,-
INTERNATIONAL POWER (AUSTRALIA) HOLDINGS PTY LIMITED,Mintaro Power Station,F,SA,328936,91371,90907,37,90944,0.99,On,NEM,Gas,-
INTERNATIONAL POWER (AUSTRALIA) HOLDINGS PTY LIMITED,Port Lincoln Power Station,F,SA,1510,420,545,147,692,1.3,On,NEM,Diesel,-
INTERNATIONAL POWER (AUSTRALIA) HOLDINGS PTY LIMITED,Snuggery Power Station,F,SA,7690,2136,2237,245,2482,1.05,On,NEM,Diesel,-
INTERNATIONAL POWER (AUSTRALIA) HOLDINGS PTY LIMITED,Corporate Total,C,-,389276,108132,106285,643,106928,,-,-,-,-
TASMANIAN IRRIGATION PTY LTD,Midlands Power Station,F,TAS,122411,34003,0,0,0,0,On,NEM,Hydro,-
TASMANIAN IRRIGATION PTY LTD,Corporate Total,C,-,122411,34003,0,0,0,,-,-,-,-
THE TRUSTEE FOR GUNNEDAH ASSET TRUST,Gunnedah Solar Farm,F,NSW,864551,240153,0,0,0,0,On,NEM,Solar,-
THE TRUSTEE FOR GUNNEDAH ASSET TRUST,Corporate Total,C,-,864551,240153,0,0,0,,-,-,-,-
THE TRUSTEE FOR SP PROJECT 1 ACQUISITION TRUST,Echuca Solar Project Pty Ltd,F,VIC,28145,7818,5,2,7,0,On,NEM,Solar,-
THE TRUSTEE FOR SP PROJECT 1 ACQUISITION TRUST,Girgarre Project 2 Pty Ltd,F,VIC,29300,8139,5,11,16,0,On,NEM,Solar,-
THE TRUSTEE FOR SP PROJECT 1 ACQUISITION TRUST,Girgarre Project Pty Ltd,F,VIC,27735,7704,5,19,24,0,On,NEM,Solar,-
THE TRUSTEE FOR SP PROJECT 1 ACQUISITION TRUST,Greentech 2 Pty Ltd,F,VIC,29892,8303,5,17,22,0,On,NEM,Solar,-
THE TRUSTEE FOR SP PROJECT 1 ACQUISITION TRUST,Greentech 3 Pty Ltd,F,VIC,28519,7922,5,1,6,0,On,NEM,Solar,-
THE TRUSTEE FOR SP PROJECT 1 ACQUISITION TRUST,Greentech 5 Pty Ltd,F,VIC,26482,7356,5,13,18,0,On,NEM,Solar,-
THE TRUSTEE FOR SP PROJECT 1 ACQUISITION TRUST,Greentech 6 Pty Ltd,F,VIC,29072,8076,5,12,17,0,On,NEM,Solar,-
THE TRUSTEE FOR SP PROJECT 1 ACQUISITION TRUST,Katamatite Project Pty Ltd,F,VIC,27935,7760,5,1,6,0,On,NEM,Solar,-
THE TRUSTEE FOR SP PROJECT 1 ACQUISITION TRUST,Numurkah Project No. 2 Pty Ltd,F,VIC,28952,8042,5,1,6,0,On,NEM,Solar,-
THE TRUSTEE FOR SP PROJECT 1 ACQUISITION TRUST,Numurkah Project Pty Ltd,F,VIC,28283,7856,5,4,9,0,On,NEM,Solar,-
THE TRUSTEE FOR SP PROJECT 1 ACQUISITION TRUST,Stanhope Solar Project No. 2 Pty Ltd,F,VIC,28907,8029,5,11,16,0,On,NEM,Solar,-
THE TRUSTEE FOR SP PROJECT 1 ACQUISITION TRUST,Stanhope Solar Project No. 3 Pty Ltd,F,VIC,28247,7846,5,11,16,0,On,NEM,Solar,-
THE TRUSTEE FOR SP PROJECT 1 ACQUISITION TRUST,Stanhope Solar Project No. 4 Pty Ltd,F,VIC,28068,7797,5,1,6,0,On,NEM,Solar,-
THE TRUSTEE FOR SP PROJECT 1 ACQUISITION TRUST,Stanhope Solar Project No. 5 Pty Ltd,F,VIC,27143,7540,5,18,23,0,On,NEM,Solar,-
THE TRUSTEE FOR SP PROJECT 1 ACQUISITION TRUST,Stanhope Solar Project Pty Ltd,F,VIC,28307,7863,5,12,17,0,On,NEM,Solar,-
THE TRUSTEE FOR SP PROJECT 1 ACQUISITION TRUST,Wunghnu Project Pty Ltd,F,VIC,28691,7970,5,9,14,0,On,NEM,Solar,-
THE TRUSTEE FOR SP PROJECT 1 ACQUISITION TRUST,Corporate Total,C,-,453678,126022,80,143,223,,-,-,-,-
THE TRUSTEE FOR SUNTOP ASSET TRUST,Suntop Solar Farm,F,NSW,985900,273861,0,0,0,0,On,NEM,Solar,-
THE TRUSTEE FOR SUNTOP ASSET TRUST,Corporate Total,C,-,985900,273861,0,0,0,,-,-,-,-
TINSEL BIDCO PTY LTD,Snowtown South Wind Farm Pty Ltd,F,SA,1429987,397219,32,68,100,0,On,NEM,Wind,-
TINSEL BIDCO PTY LTD,Snowtown Wind Farm Stage 2 Pty Ltd,F,SA,1468865,408018,36,101,137,0,On,NEM,Wind,-
TINSEL BIDCO PTY LTD,Corporate Total,C,-,2898852,805236,68,169,237,,-,-,-,-
TOTALENERGIES RENEWABLES AUSTRALIA PTY LTD,Kiamal Solar Farm,F,VIC,1435129,398647,119,5333,5452,0,On,NEM,Solar,-
TOTALENERGIES RENEWABLES AUSTRALIA PTY LTD,Corporate Total,C,-,1435129,398647,119,5333,5452,,-,-,-,-
TRANSALTA ENERGY (AUSTRALIA) PTY LTD,Kalgoorlie Power Station,F,WA,970431,269564,149332,0,149332,0.55,On,SWIS,Gas,-
TRANSALTA ENERGY (AUSTRALIA) PTY LTD,Kambalda Power Station,F,WA,1001442,278179,153359,0,153359,0.55,On,SWIS,Gas,-
TRANSALTA ENERGY (AUSTRALIA) PTY LTD,Leinster Power Station,F,WA,888427,246786,132927,0,132927,0.54,Off,Off-grid,Gas,-
TRANSALTA ENERGY (AUSTRALIA) PTY LTD,Mt Keith Power Station,F,WA,1038516,288476,160073,0,160073,0.55,Off,Off-grid,Gas,-
TRANSALTA ENERGY (AUSTRALIA) PTY LTD,South Hedland Power Station,F,WA,2426601,674056,306419,0,306419,0.45,On,NWIS,Gas,-
TRANSALTA ENERGY (AUSTRALIA) PTY LTD,Corporate Total,C,-,6325417,1757060,902110,0,902110,,-,-,-,-
VENA ENERGY SERVICES (AUSTRALIA) PTY LTD,Tailem Bend 2 Hybrid Renewable Power Station,F,SA,310198,86166,117,365,482,0,On,NEM,Solar,-
VENA ENERGY SERVICES (AUSTRALIA) PTY LTD,Tailem Bend Solar farm,F,SA,584016,162227,73,388,461,0,On,NEM,Solar,-
VENA ENERGY SERVICES (AUSTRALIA) PTY LTD,Wandoan Solar Farm 1,F,QLD,875469,243186,143,1427,1570,0,On,NEM,Solar,-
VENA ENERGY SERVICES (AUSTRALIA) PTY LTD,Corporate Total,C,-,1769683,491578,333,2180,2513,,-,-,-,-
W.H. HECK & SONS PROPRIETARY LIMITED,Rocky Point Sugar Mill Cogeneration,F,QLD,174027,48341,1681,0,1681,0.03,On,NEM,Bagasse,-
W.H. HECK & SONS PROPRIETARY LIMITED,Corporate Total,C,-,174027,48341,1681,0,1681,,-,-,-,-
WATER CORPORATION,Cocos Keeling Islands - Home Island Generation,F,WA,9470,2631,1841,0,1841,0.7,Off,Off-grid,Diesel,-
WATER CORPORATION,Cocos Keeling Islands - West Island Generation,F,WA,10357,2877,2209,0,2209,0.77,Off,Off-grid,Diesel,-
WATER CORPORATION,Corporate Total,C,-,19827,5508,4050,0,4050,,-,-,-,-
CK WILLIAM AUSTRALIA HOLDINGS PTY LTD,Weipa Solar Power Station,F,QLD,33273,9243,0,18,18,0,Off,Off-grid,Solar,-
CK WILLIAM AUSTRALIA HOLDINGS PTY LTD,Corporate Total,C,-,33273,9243,0,18,18,,-,-,-,-
WEST WYALONG HOLDCO 2 PTY LTD,West Wyalong SF,F,NSW,682499,189583,9,561,570,0,On,NEM,Solar,-
WEST WYALONG HOLDCO 2 PTY LTD,Corporate Total,C,-,682499,189583,9,561,570,,-,-,-,-
WHITE ROCK SOLAR FARM (HOLDING) PTY LTD,White Rock Solar Farm Pty Ltd,F,NSW,134652,37403,0,46,46,0,On,NEM,Solar,-
WHITE ROCK SOLAR FARM (HOLDING) PTY LTD,Corporate Total,C,-,134652,37403,0,46,46,,-,-,-,-
WILD CATTLE HILL PTY LTD,Wild Cattle Hill Wind Farm,F,TAS,1643242,456456,99,138,237,0,On,NEM,Wind,-
WILD CATTLE HILL PTY LTD,Corporate Total,C,-,1643242,456456,99,138,237,,-,-,-,-
ARET PLATFORM PTY LIMITED,Willogoleche Wind Farm,F,SA,1090576,302938,70,137,207,0,On,NEM,Wind,-
ARET PLATFORM PTY LIMITED,Corporate Total,C,-,1090576,302938,70,137,207,,-,-,-,-
WINTON HOLDINGS CO PTY. LTD,Winton Solar Farm,F,VIC,532678,147966,33,0,33,0,On,NEM,Solar,-
WINTON HOLDINGS CO PTY. LTD,Corporate Total,C,-,532678,147966,33,0,33,,-,-,-,-
WIRTGEN ENERGY GLENROWAN PTY. LTD,Glenrowan West Solar Farm,F,VIC,766484,212912,60,543,603,0,On,NEM,Solar,-
WIRTGEN ENERGY GLENROWAN PTY. LTD,Corporate Total,C,-,766484,212912,60,543,603,,-,-,-,-
WOOLOOGA HOLDCO 2 PTY LTD,Woolooga SF,F,QLD,1185741,329373,59,3658,3717,0,On,NEM,Solar,-
WOOLOOGA HOLDCO 2 PTY LTD,Corporate Total,C,-,1185741,329373,59,3658,3717,,-,-,-,-
YATPOOL SOLAR FARM HOLDCO PTY LTD,YATPOOL SOLAR FARM,F,VIC,461024,128062,0,361,361,0,On,NEM,Solar,-
YATPOOL SOLAR FARM HOLDCO PTY LTD,Corporate Total,C,-,461024,128062,0,361,361,,-,-,-,-
